"","timestamp","Playa.Novillero.Wind.Speed..80.m.","Playa.Novillero.Wind.Direction..80.m."
"1",2020-04-14 00:00:00,5.4833565,113.19859
"2",2020-04-14 01:00:00,5.2416787,105.9454
"3",2020-04-14 02:00:00,5.4477882,97.59464
"4",2020-04-14 03:00:00,5.04,89.99999
"5",2020-04-14 04:00:00,5.8048253,82.874985
"6",2020-04-14 05:00:00,5.937272,75.96376
"7",2020-04-14 06:00:00,6.12,61.927513
"8",2020-04-14 07:00:00,6.12,61.927513
"9",2020-04-14 08:00:00,5.991594,57.26477
"10",2020-04-14 09:00:00,0.71999997,360
"11",2020-04-14 10:00:00,3.2599385,263.65982
"12",2020-04-14 11:00:00,5.2416787,254.0546
"13",2020-04-14 12:00:00,7.289444,249.77515
"14",2020-04-14 13:00:00,8.699793,245.55606
"15",2020-04-14 14:00:00,11.592895,244.23068
"16",2020-04-14 15:00:00,11.269782,243.43495
"17",2020-04-14 16:00:00,13.0447235,242.02054
"18",2020-04-14 17:00:00,11.983188,237.26477
"19",2020-04-14 18:00:00,12.387348,234.46233
"20",2020-04-14 19:00:00,10.009036,217.69424
"21",2020-04-14 20:00:00,9.021574,208.61046
"22",2020-04-14 21:00:00,6.924738,188.97263
"23",2020-04-14 22:00:00,5.8603754,169.38034
"24",2020-04-14 23:00:00,6.1305785,139.76364
"25",2020-04-15 00:00:00,7.24486,116.56505
"26",2020-04-15 01:00:00,7.42159,104.03624
"27",2020-04-15 02:00:00,6.8399997,89.99999
"28",2020-04-15 03:00:00,6.5693827,80.537674
"29",2020-04-15 04:00:00,6.725354,74.47588
"30",2020-04-15 05:00:00,6.489992,70.55996
"31",2020-04-15 06:00:00,7.7879906,56.30993
"32",2020-04-15 07:00:00,10.30883,65.224846
"33",2020-04-15 08:00:00,8.39657,59.036232
"34",2020-04-15 09:00:00,2.0991426,30.963745
"35",2020-04-15 10:00:00,1.484318,255.96376
"36",2020-04-15 11:00:00,3.8773184,248.1986
"37",2020-04-15 12:00:00,5.8048253,240.25513
"38",2020-04-15 13:00:00,8.049845,243.43495
"39",2020-04-15 14:00:00,10.966713,246.8014
"40",2020-04-15 15:00:00,10.30883,245.22485
"41",2020-04-15 16:00:00,11.435313,241.82141
"42",2020-04-15 17:00:00,11.183201,236.82149
"43",2020-04-15 18:00:00,12.4811535,236.7683
"44",2020-04-15 19:00:00,7.145796,229.08562
"45",2020-04-15 20:00:00,6.618519,225
"46",2020-04-15 21:00:00,4.0249224,190.30484
"47",2020-04-15 22:00:00,4.072935,135
"48",2020-04-15 23:00:00,6.28713,113.62937
"49",2020-04-16 00:00:00,7.5170207,106.69924
"50",2020-04-16 01:00:00,6.12,89.99999
"51",2020-04-16 02:00:00,6.28713,76.75948
"52",2020-04-16 03:00:00,6.489992,70.55996
"53",2020-04-16 04:00:00,7.0911775,66.037506
"54",2020-04-16 05:00:00,6.9247384,62.102737
"55",2020-04-16 06:00:00,7.4128532,60.945396
"56",2020-04-16 07:00:00,9.826088,61.557068
"57",2020-04-16 08:00:00,8.217153,61.18921
"58",2020-04-16 09:00:00,2.5959969,56.30993
"59",2020-04-16 10:00:00,1.835647,258.69006
"60",2020-04-16 11:00:00,3.8773184,248.1986
"61",2020-04-16 12:00:00,6.297428,239.03625
"62",2020-04-16 13:00:00,8.209263,232.12502
"63",2020-04-16 14:00:00,11.384198,235.30484
"64",2020-04-16 15:00:00,13.18308,235.00798
"65",2020-04-16 16:00:00,14.4,233.1301
"66",2020-04-16 17:00:00,11.246759,230.19443
"67",2020-04-16 18:00:00,11.681987,236.30994
"68",2020-04-16 19:00:00,6.3690495,222.7094
"69",2020-04-16 20:00:00,5.3517847,222.27368
"70",2020-04-16 21:00:00,3.0547013,225
"71",2020-04-16 22:00:00,1.0182338,135
"72",2020-04-16 23:00:00,4.73506,98.74616
"73",2020-04-17 00:00:00,6.4799995,89.99999
"74",2020-04-17 01:00:00,6.489992,86.82017
"75",2020-04-17 02:00:00,6.638072,77.47118
"76",2020-04-17 03:00:00,6.6185193,67.61986
"77",2020-04-17 04:00:00,7.24486,63.43495
"78",2020-04-17 05:00:00,7.24486,63.43495
"79",2020-04-17 06:00:00,7.8954163,65.772255
"80",2020-04-17 07:00:00,10.028439,68.96249
"81",2020-04-17 08:00:00,8.557102,67.75098
"82",2020-04-17 09:00:00,3.319036,77.47118
"83",2020-04-17 10:00:00,2.3051248,218.65982
"84",2020-04-17 11:00:00,6.12,241.92752
"85",2020-04-17 12:00:00,9.339208,242.44719
"86",2020-04-17 13:00:00,11.119281,240.9454
"87",2020-04-17 14:00:00,14.336861,241.50436
"88",2020-04-17 15:00:00,14.8257065,240.9454
"89",2020-04-17 16:00:00,16.299694,239.47029
"90",2020-04-17 17:00:00,14.57889,237.09476
"91",2020-04-17 18:00:00,11.808878,232.43141
"92",2020-04-17 19:00:00,7.145796,229.08562
"93",2020-04-17 20:00:00,6.9153743,218.65982
"94",2020-04-17 21:00:00,4.5536795,198.43495
"95",2020-04-17 22:00:00,3.2599385,173.6598
"96",2020-04-17 23:00:00,2.8116899,129.80557
"97",2020-04-18 00:00:00,3.6,89.99999
"98",2020-04-18 01:00:00,4.1046314,74.74488
"99",2020-04-18 02:00:00,5.00128,59.74356
"100",2020-04-18 03:00:00,5.4833565,66.8014
"101",2020-04-18 04:00:00,5.3517847,70.346176
"102",2020-04-18 05:00:00,5.5887027,75.06858
"103",2020-04-18 06:00:00,5.937272,75.96376
"104",2020-04-18 07:00:00,7.5685663,64.65382
"105",2020-04-18 08:00:00,4.0249224,63.43495
"106",2020-04-18 09:00:00,0,180
"107",2020-04-18 10:00:00,4.0249224,243.43495
"108",2020-04-18 11:00:00,6.151683,249.44395
"109",2020-04-18 12:00:00,9.360001,247.38014
"110",2020-04-18 13:00:00,10.30883,245.22485
"111",2020-04-18 14:00:00,14.007655,244.09349
"112",2020-04-18 15:00:00,14.512064,240.25513
"113",2020-04-18 16:00:00,14.693999,239.03625
"114",2020-04-18 17:00:00,11.183201,236.82149
"115",2020-04-18 18:00:00,11.792404,238.73627
"116",2020-04-18 19:00:00,6.193674,234.46233
"117",2020-04-18 20:00:00,5.8603754,227.48956
"118",2020-04-18 21:00:00,3.6,216.8699
"119",2020-04-18 22:00:00,2.8799999,180
"120",2020-04-18 23:00:00,2.3051248,141.34018
"121",2020-04-19 00:00:00,2.4149535,116.56505
"122",2020-04-19 01:00:00,3.671294,101.30993
"123",2020-04-19 02:00:00,5.0528407,85.91438
"124",2020-04-19 03:00:00,4.896529,72.89727
"125",2020-04-19 04:00:00,5.495161,58.392494
"126",2020-04-19 05:00:00,5.692099,55.304832
"127",2020-04-19 06:00:00,6.193674,54.46232
"128",2020-04-19 07:00:00,8.089993,69.14554
"129",2020-04-19 08:00:00,3.7064266,60.945396
"130",2020-04-19 09:00:00,0,180
"131",2020-04-19 10:00:00,3.8773184,248.1986
"132",2020-04-19 11:00:00,5.5887027,255.06857
"133",2020-04-19 12:00:00,8.427383,250.0169
"134",2020-04-19 13:00:00,9.83268,246.2505
"135",2020-04-19 14:00:00,13.684735,243.43495
"136",2020-04-19 15:00:00,14.512064,240.25513
"137",2020-04-19 16:00:00,15.990646,238.81503
"138",2020-04-19 17:00:00,12.682018,235.40771
"139",2020-04-19 18:00:00,12.594856,239.03625
"140",2020-04-19 19:00:00,6.4096174,231.84277
"141",2020-04-19 20:00:00,6.638072,229.39871
"142",2020-04-19 21:00:00,3.563818,225
"143",2020-04-19 22:00:00,0.35999998,180
"144",2020-04-19 23:00:00,3.9763298,84.805565
"145",2020-04-20 00:00:00,5.4119864,86.18592
"146",2020-04-20 01:00:00,5.4477882,82.40536
"147",2020-04-20 02:00:00,5.2416787,74.054596
"148",2020-04-20 03:00:00,4.829907,63.43495
"149",2020-04-20 04:00:00,5.3517847,42.27368
"150",2020-04-20 05:00:00,5.904439,37.568573
"151",2020-04-20 06:00:00,6.1305785,40.236343
"152",2020-04-20 07:00:00,9.504273,65.37643
"153",2020-04-20 08:00:00,5.5887027,75.06858
"154",2020-04-20 09:00:00,1.484318,165.96376
"155",2020-04-20 10:00:00,4.6938257,237.52881
"156",2020-04-20 11:00:00,5.815978,248.1986
"157",2020-04-20 12:00:00,9.360001,247.38014
"158",2020-04-20 13:00:00,10.636766,246.0375
"159",2020-04-20 14:00:00,13.049689,245.55606
"160",2020-04-20 15:00:00,12.245293,245.69547
"161",2020-04-20 16:00:00,13.202726,244.13365
"162",2020-04-20 17:00:00,11.435313,241.82141
"163",2020-04-20 18:00:00,11.4862,237.80426
"164",2020-04-20 19:00:00,4.829907,243.43495
"165",2020-04-20 20:00:00,4.802999,257.00537
"166",2020-04-20 21:00:00,2.5455842,278.1301
"167",2020-04-20 22:00:00,1.4399999,360
"168",2020-04-20 23:00:00,3.6,89.99999
"169",2020-04-21 00:00:00,6.0347,107.35402
"170",2020-04-21 01:00:00,6.830519,108.434944
"171",2020-04-21 02:00:00,6.5693827,99.46232
"172",2020-04-21 03:00:00,5.771239,86.42367
"173",2020-04-21 04:00:00,6.151683,69.443954
"174",2020-04-21 05:00:00,6.297428,59.036255
"175",2020-04-21 06:00:00,7.2,53.130096
"176",2020-04-21 07:00:00,7.491114,54.782394
"177",2020-04-21 08:00:00,7.5942082,58.570435
"178",2020-04-21 09:00:00,1.1384199,18.434952
"179",2020-04-21 10:00:00,2.968636,255.96376
"180",2020-04-21 11:00:00,5.4833565,246.8014
"181",2020-04-21 12:00:00,8.373386,244.53665
"182",2020-04-21 13:00:00,10.144082,242.52557
"183",2020-04-21 14:00:00,13.217443,240.64226
"184",2020-04-21 15:00:00,13.397612,239.30028
"185",2020-04-21 16:00:00,14.57889,237.09476
"186",2020-04-21 17:00:00,13.324863,231.58195
"187",2020-04-21 18:00:00,13.513193,228.2397
"188",2020-04-21 19:00:00,9.885262,213.11134
"189",2020-04-21 20:00:00,9.227524,200.55605
"190",2020-04-21 21:00:00,7.92,180
"191",2020-04-21 22:00:00,7.42159,157.16635
"192",2020-04-21 23:00:00,7.42159,129.09386
"193",2020-04-20 00:00:00,6.489992,109.44003
"194",2020-04-20 01:00:00,6.28713,103.24051
"195",2020-04-20 02:00:00,5.4119864,93.81408
"196",2020-04-20 03:00:00,5.04,89.99999
"197",2020-04-20 04:00:00,5.0911684,81.869896
"198",2020-04-20 05:00:00,4.802999,77.00538
"200",2020-04-20 07:00:00,5.6233797,50.194427
"201",2020-04-20 08:00:00,5.495161,58.392494
"202",2020-04-20 09:00:00,0.71999997,270
"203",2020-04-20 10:00:00,4.379589,260.5377
"204",2020-04-20 11:00:00,5.937272,255.96376
"205",2020-04-20 12:00:00,9.107359,251.56506
"206",2020-04-20 13:00:00,10.703569,250.34618
"207",2020-04-20 14:00:00,14.707222,248.45903
"208",2020-04-20 15:00:00,14.182355,246.0375
"209",2020-04-20 16:00:00,12.879752,243.43495
"210",2020-04-20 17:00:00,11.609651,240.25513
"211",2020-04-20 18:00:00,12.287555,238.17256
"212",2020-04-20 19:00:00,8.714677,218.29016
"213",2020-04-20 20:00:00,8.217153,208.81079
"214",2020-04-20 21:00:00,5.771239,183.57634
"215",2020-04-20 22:00:00,5.0142193,158.9625
"216",2020-04-20 23:00:00,5.904439,127.56859
"217",2020-04-21 00:00:00,7.24486,116.56505
"218",2020-04-21 01:00:00,7.754637,111.80141
"219",2020-04-21 02:00:00,7.771331,103.392494
"220",2020-04-21 03:00:00,6.87779,96.009
"221",2020-04-21 04:00:00,6.849467,86.98721
"222",2020-04-21 05:00:00,6.9899354,78.11134
"224",2020-04-21 07:00:00,10.028439,68.96249
"225",2020-04-21 08:00:00,7.8625183,74.054596
"226",2020-04-21 09:00:00,2.52,89.99999
"227",2020-04-21 10:00:00,2.6208394,195.9454
"228",2020-04-21 11:00:00,5.1165614,230.7106
"229",2020-04-21 12:00:00,9.085988,236.30994
"230",2020-04-21 13:00:00,10.883676,235.7843
"231",2020-04-21 14:00:00,13.281023,237.17145
"232",2020-04-21 15:00:00,12.682018,235.40771
"233",2020-04-21 16:00:00,13.979872,235.49149
"234",2020-04-21 17:00:00,12.313894,232.12502
"235",2020-04-21 18:00:00,12.261157,229.76364
"236",2020-04-21 19:00:00,7.145796,220.91438
"237",2020-04-21 20:00:00,7.491114,215.21759
"238",2020-04-21 21:00:00,5.0142193,201.0375
"239",2020-04-21 22:00:00,3.0758414,159.44395
"240",2020-04-21 23:00:00,3.5455887,113.96249
"241",2020-04-22 00:00:00,3.6179552,95.71059
"242",2020-04-22 01:00:00,3.6,89.99999
"243",2020-04-22 02:00:00,3.9763298,84.805565
"244",2020-04-22 03:00:00,4.1046314,74.74488
"245",2020-04-22 04:00:00,4.829907,63.43495
"246",2020-04-22 05:00:00,5.1919937,56.30993
"247",2020-04-22 06:00:00,5.6233797,50.194427
"248",2020-04-22 07:00:00,6.725354,74.47588
"249",2020-04-22 08:00:00,3.9763298,84.805565
"250",2020-04-22 09:00:00,1.8,180
"251",2020-04-22 10:00:00,4.6102495,218.65982
"252",2020-04-22 11:00:00,5.6233797,230.19443
"253",2020-04-22 12:00:00,8.39657,239.03624
"254",2020-04-22 13:00:00,9.693296,238.67131
"255",2020-04-22 14:00:00,12.413477,240.46121
"256",2020-04-22 15:00:00,12.904882,239.85861
"257",2020-04-22 16:00:00,14.386494,238.29858
"258",2020-04-22 17:00:00,12.88981,234.09029
"259",2020-04-22 18:00:00,12.031756,231.07246
"260",2020-04-22 19:00:00,5.3517847,227.72632
"261",2020-04-22 20:00:00,5.1919937,213.69006
"262",2020-04-22 21:00:00,3.0758414,200.55605
"263",2020-04-22 22:00:00,1.08,180
"264",2020-04-22 23:00:00,1.0182338,44.999985
"265",2020-04-23 00:00:00,2.8116899,39.805573
"266",2020-04-23 01:00:00,3.8268526,41.18593
"267",2020-04-23 02:00:00,4.6938257,32.47119
"268",2020-04-23 03:00:00,5.1165614,39.2894
"269",2020-04-23 04:00:00,5.8603754,42.510437
"270",2020-04-23 05:00:00,5.991594,57.26477
"271",2020-04-23 06:00:00,5.8048253,60.25511
"272",2020-04-23 07:00:00,9.021574,61.38954
"273",2020-04-23 08:00:00,6.9527545,68.7495
"274",2020-04-23 09:00:00,1.484318,104.03624
"275",2020-04-23 10:00:00,4.072935,225
"276",2020-04-23 11:00:00,5.692099,235.30484
"277",2020-04-23 12:00:00,9.585739,235.71313
"278",2020-04-23 13:00:00,11.090103,234.24612
"279",2020-04-23 14:00:00,12.88981,234.09029
"280",2020-04-23 15:00:00,12.313894,232.12502
"281",2020-04-23 16:00:00,13.18308,235.00798
"282",2020-04-23 17:00:00,12.287555,238.17256
"283",2020-04-23 18:00:00,12.181624,235.8403
"284",2020-04-23 19:00:00,6.1305785,229.76364
"285",2020-04-23 20:00:00,7.386582,223.02507
"286",2020-04-23 21:00:00,4.510787,208.61046
"287",2020-04-23 22:00:00,3.0758414,159.44395
"288",2020-04-23 23:00:00,4.3498964,114.44395
"289",2020-04-24 00:00:00,5.815978,111.80141
"290",2020-04-24 01:00:00,6.151683,110.556046
"291",2020-04-24 02:00:00,5.8603754,100.61965
"292",2020-04-24 03:00:00,5.3999996,89.99999
"293",2020-04-24 04:00:00,5.5887027,75.06858
"294",2020-04-24 05:00:00,5.4833565,66.8014
"295",2020-04-24 06:00:00,5.95906,64.98311
"296",2020-04-24 07:00:00,9.47012,81.25384
"297",2020-04-24 08:00:00,7.92,89.99999
"298",2020-04-24 09:00:00,3.5455887,113.96249
"299",2020-04-24 10:00:00,3.671294,191.30994
"300",2020-04-24 11:00:00,5.8603754,222.51045
"301",2020-04-24 12:00:00,9.585739,235.71313
"302",2020-04-24 13:00:00,10.883676,235.7843
"303",2020-04-24 14:00:00,13.281023,237.17145
"304",2020-04-24 15:00:00,12.682018,235.40771
"305",2020-04-24 16:00:00,13.584932,237.99463
"306",2020-04-24 17:00:00,12.181624,235.8403
"307",2020-04-24 18:00:00,12.096214,233.47115
"308",2020-04-24 19:00:00,5.1919937,236.30994
"309",2020-04-24 20:00:00,4.8433046,228.01279
"310",2020-04-24 21:00:00,1.8,233.1301
"311",2020-04-24 22:00:00,0.35999998,270
"312",2020-04-24 23:00:00,1.609969,26.565033
"313",2020-04-25 00:00:00,2.6208394,74.054596
"314",2020-04-25 01:00:00,2.8799999,89.99999
"315",2020-04-25 02:00:00,2.9024127,97.125015
"316",2020-04-25 03:00:00,3.6179552,84.289406
"317",2020-04-25 04:00:00,4.896529,72.89727
"318",2020-04-25 05:00:00,5.154415,65.224846
"319",2020-04-25 06:00:00,6.6087217,60.64225
"320",2020-04-25 07:00:00,8.557102,67.75098
"321",2020-04-25 08:00:00,5.6920996,71.56504
"322",2020-04-25 09:00:00,0.71999997,89.99999
"323",2020-04-25 10:00:00,3.096837,234.46233
"324",2020-04-25 11:00:00,4.6800003,247.38014
"325",2020-04-25 12:00:00,7.754637,248.1986
"326",2020-04-25 13:00:00,8.534353,242.35403
"327",2020-04-25 14:00:00,10.948973,242.59244
"328",2020-04-25 15:00:00,10.805998,240.01837
"329",2020-04-25 16:00:00,12.287555,238.17256
"330",2020-04-25 17:00:00,11.090103,234.24612
"331",2020-04-25 18:00:00,11.753876,229.96974
"332",2020-04-25 19:00:00,5.991594,237.26477
"333",2020-04-25 20:00:00,5.8048253,240.25513
"334",2020-04-25 21:00:00,2.5959969,213.69006
"335",2020-04-25 22:00:00,2.8116899,140.19443
"336",2020-04-25 23:00:00,4.6800003,112.61986
"337",2020-04-26 00:00:00,5.8048253,119.74488
"338",2020-04-26 01:00:00,5.634891,116.56505
"339",2020-04-26 02:00:00,4.6938252,94.398705
"340",2020-04-26 03:00:00,4.452954,75.96376
"341",2020-04-26 04:00:00,5.1919937,56.30993
"342",2020-04-26 05:00:00,5.6233797,50.194427
"343",2020-04-26 06:00:00,6.638072,49.398697
"344",2020-04-26 07:00:00,6.12,61.927513
"345",2020-04-26 08:00:00,4.3498964,65.55604
"346",2020-04-26 09:00:00,1.08,89.99999
"347",2020-04-26 10:00:00,2.5959969,213.69006
"348",2020-04-26 11:00:00,4.1046314,217.87498
"349",2020-04-26 12:00:00,6.9153743,231.3402
"350",2020-04-26 13:00:00,8.4963045,233.61565
"351",2020-04-26 14:00:00,11.681987,236.30994
"352",2020-04-26 15:00:00,12.387348,234.46233
"353",2020-04-26 16:00:00,14.186923,234.2933
"354",2020-04-26 17:00:00,12.768586,229.57393
"355",2020-04-26 18:00:00,13.044722,230.59933
"356",2020-04-26 19:00:00,7.7043357,232.59465
"357",2020-04-26 20:00:00,7.289445,237.09476
"358",2020-04-26 21:00:00,2.0991426,239.03624
"359",2020-04-26 22:00:00,3.2399998,89.99999
"360",2020-04-26 23:00:00,5.4477882,82.40536
"361",2020-04-27 00:00:00,6.2145634,79.99202
"362",2020-04-27 01:00:00,6.489992,70.55996
"363",2020-04-27 02:00:00,6.763786,64.79888
"364",2020-04-27 03:00:00,7.10031,59.534447
"365",2020-04-27 04:00:00,7.7879906,56.30993
"366",2020-04-27 05:00:00,7.491114,54.782394
"367",2020-04-27 06:00:00,7.9932966,54.16234
"368",2020-04-27 07:00:00,7.7879906,56.30993
"369",2020-04-27 08:00:00,7.491114,54.782394
"370",2020-04-27 09:00:00,1.1384199,18.434952
"371",2020-04-27 10:00:00,3.671294,258.69006
"372",2020-04-27 11:00:00,5.95906,244.98311
"373",2020-04-27 12:00:00,9.511088,240.52411
"374",2020-04-27 13:00:00,10.990322,238.3925
"375",2020-04-27 14:00:00,13.281023,237.17145
"376",2020-04-27 15:00:00,12.783802,237.65256
"377",2020-04-27 16:00:00,13.584932,237.99463
"378",2020-04-27 17:00:00,12.594856,239.03625
"379",2020-04-27 18:00:00,12.904882,239.85861
"380",2020-04-27 19:00:00,10.587918,234.68878
"381",2020-04-27 20:00:00,8.913181,223.36343
"382",2020-04-27 21:00:00,6.12,208.0725
"383",2020-04-27 22:00:00,3.96,180
"384",2020-04-27 23:00:00,4.072935,135
"385",2020-04-26 00:00:00,9.449572,107.74467
"386",2020-04-26 01:00:00,9.178235,101.30993
"387",2020-04-26 02:00:00,8.647496,92.38594
"388",2020-04-26 03:00:00,7.5685663,87.27369
"389",2020-04-26 04:00:00,7.6367526,81.869896
"390",2020-04-26 05:00:00,7.69592,79.2157
"392",2020-04-26 07:00:00,6.9153743,51.34018
"393",2020-04-26 08:00:00,6.9153743,51.34018
"394",2020-04-26 09:00:00,1.8,360
"395",2020-04-26 10:00:00,3.2599385,263.65982
"396",2020-04-26 11:00:00,5.6920996,251.56506
"397",2020-04-26 12:00:00,8.854829,243.43495
"398",2020-04-26 13:00:00,10.805998,240.01837
"399",2020-04-26 14:00:00,13.53236,241.38954
"400",2020-04-26 15:00:00,13.089354,238.49574
"401",2020-04-26 16:00:00,13.979872,235.49149
"402",2020-04-26 17:00:00,12.313894,232.12502
"403",2020-04-26 18:00:00,12.819235,231.84277
"416",2020-04-27 07:00:00,10.587917,72.18111
"417",2020-04-27 08:00:00,7.968939,71.56504
"418",2020-04-27 09:00:00,1.8,89.99999
"419",2020-04-27 10:00:00,3.0547013,225
"420",2020-04-27 11:00:00,6.12,241.92752
"421",2020-04-27 12:00:00,9.83268,246.2505
"422",2020-04-27 13:00:00,11.113451,245.09525
"423",2020-04-27 14:00:00,14.33234,244.72229
"424",2020-04-27 15:00:00,15.459054,242.24146
"425",2020-04-27 16:00:00,16.1198,240.57254
"426",2020-04-27 17:00:00,11.885453,234.86581
"427",2020-04-27 18:00:00,11.983188,237.26477
"428",2020-04-27 19:00:00,6.989936,235.49149
"429",2020-04-27 20:00:00,6.792466,237.99463
"430",2020-04-27 21:00:00,3.319036,229.39871
"431",2020-04-27 22:00:00,1.835647,168.69006
"432",2020-04-27 23:00:00,4.1046314,105.25512
"433",2020-04-28 00:00:00,5.1544156,102.09476
"434",2020-04-28 01:00:00,5.3999996,89.99999
"435",2020-04-28 02:00:00,6.0347,72.64597
"436",2020-04-28 03:00:00,6.12,61.927513
"437",2020-04-28 04:00:00,6.297428,59.036255
"438",2020-04-28 05:00:00,6.297428,59.036255
"439",2020-04-28 06:00:00,6.989936,55.491463
"440",2020-04-28 07:00:00,9.605998,77.00538
"441",2020-04-28 08:00:00,7.968939,71.56504
"442",2020-04-28 09:00:00,2.52,89.99999
"443",2020-04-28 10:00:00,3.0758414,200.55605
"444",2020-04-28 11:00:00,5.0911684,225
"445",2020-04-28 12:00:00,9,233.1301
"446",2020-04-28 13:00:00,10.685391,237.38075
"447",2020-04-28 14:00:00,15.315873,240.42216
"448",2020-04-28 15:00:00,16.610792,240.1011
"449",2020-04-28 16:00:00,17.906157,239.82648
"450",2020-04-28 17:00:00,13.397612,239.30028
"451",2020-04-28 18:00:00,12.7279215,241.26021
"452",2020-04-28 19:00:00,6.792466,237.99463
"453",2020-04-28 20:00:00,5.95906,244.98311
"454",2020-04-28 21:00:00,1.8,233.1301
"455",2020-04-28 22:00:00,0.71999997,89.99999
"456",2020-04-28 23:00:00,3.4152596,71.56504
"457",2020-04-29 00:00:00,5.5887027,75.06858
"458",2020-04-29 01:00:00,6.151683,69.443954
"459",2020-04-29 02:00:00,6.28713,66.37062
"460",2020-04-29 03:00:00,5.815978,68.19859
"461",2020-04-29 04:00:00,6.12,61.927513
"462",2020-04-29 05:00:00,6.297428,59.036255
"463",2020-04-29 06:00:00,6.696387,53.746155
"464",2020-04-29 07:00:00,10.495713,67.83366
"465",2020-04-29 08:00:00,6.830519,71.56504
"466",2020-04-29 09:00:00,1.8,89.99999
"467",2020-04-29 10:00:00,3.319036,229.39871
"468",2020-04-29 11:00:00,5.991594,237.26477
"469",2020-04-29 12:00:00,9.659814,243.43495
"470",2020-04-29 13:00:00,10.163227,247.0679
"471",2020-04-29 14:00:00,11.440979,245.85446
"472",2020-04-29 15:00:00,10.805998,240.01837
"473",2020-04-29 16:00:00,12.287555,238.17256
"474",2020-04-29 17:00:00,10.990322,238.3925
"475",2020-04-29 18:00:00,11.4862,237.80426
"476",2020-04-29 19:00:00,5.4833565,246.8014
"477",2020-04-29 20:00:00,6.12,241.92752
"478",2020-04-29 21:00:00,4.829907,206.56505
"479",2020-04-29 22:00:00,5.4119864,176.18593
"480",2020-04-29 23:00:00,5.692099,145.30484
"481",2020-04-30 00:00:00,6.638072,130.60129
"482",2020-04-30 01:00:00,6.792466,122.00538
"483",2020-04-30 02:00:00,6.151683,110.556046
"484",2020-04-30 03:00:00,5.7599998,89.99999
"485",2020-04-30 04:00:00,5.937272,75.96376
"486",2020-04-30 05:00:00,5.8048253,60.25511
"487",2020-04-30 06:00:00,6.9153743,51.34018
"488",2020-04-30 07:00:00,7.729527,62.241455
"489",2020-04-30 08:00:00,2.7416782,66.8014
"490",2020-04-30 09:00:00,1.8,233.1301
"491",2020-04-30 10:00:00,3.8939953,236.30994
"492",2020-04-30 11:00:00,5.1919937,236.30994
"493",2020-04-30 12:00:00,9.659814,243.43495
"494",2020-04-30 13:00:00,11.770403,246.57132
"495",2020-04-30 14:00:00,14.986553,245.89777
"496",2020-04-30 15:00:00,14.81259,244.05771
"497",2020-04-30 16:00:00,16.434305,241.18921
"498",2020-04-30 17:00:00,15.575981,236.30994
"499",2020-04-30 18:00:00,16.870138,230.19443
"500",2020-04-30 19:00:00,5.815978,201.8014
"501",2020-04-30 20:00:00,7.9932966,234.16235
"502",2020-04-30 21:00:00,6.2145634,259.992
"503",2020-04-30 22:00:00,4.73506,278.74615
"504",2020-04-30 23:00:00,2.8116899,320.19443
"505",2020-05-01 00:00:00,3.9763298,5.194412
"506",2020-05-01 01:00:00,5.1919937,33.690063
"507",2020-05-01 02:00:00,5.3517847,42.27368
"508",2020-05-01 03:00:00,5.3517847,42.27368
"509",2020-05-01 04:00:00,5.6233797,50.194427
"510",2020-05-01 05:00:00,5.6233797,50.194427
"511",2020-05-01 06:00:00,6.1305785,49.76364
"512",2020-05-01 07:00:00,7.42159,67.166336
"513",2020-05-01 08:00:00,3.319036,49.398697
"514",2020-05-01 09:00:00,0.5091169,315
"515",2020-05-01 10:00:00,4.452954,255.96376
"516",2020-05-01 11:00:00,6.638072,257.4712
"517",2020-05-01 12:00:00,10.587917,252.18112
"518",2020-05-01 13:00:00,12.768586,248.49857
"519",2020-05-01 14:00:00,17.25373,246.64444
"520",2020-05-01 15:00:00,18.03237,243.9465
"521",2020-05-01 16:00:00,19.33639,241.04901
"522",2020-05-01 17:00:00,12.88981,234.09029
"523",2020-05-01 18:00:00,12.387348,234.46233
"524",2020-05-01 19:00:00,6.1094027,225
"525",2020-05-01 20:00:00,6.8777895,222.8789
"526",2020-05-01 21:00:00,4.198285,210.96376
"527",2020-05-01 22:00:00,2.6208394,195.9454
"528",2020-05-01 23:00:00,1.2979984,123.69006
"529",2020-05-02 00:00:00,2.8799999,89.99999
"530",2020-05-02 01:00:00,4.73506,81.25384
"531",2020-05-02 02:00:00,4.896529,72.89727
"532",2020-05-02 03:00:00,4.6800003,67.380135
"533",2020-05-02 04:00:00,4.6800003,67.380135
"534",2020-05-02 05:00:00,4.6800003,67.380135
"535",2020-05-02 06:00:00,5.00128,59.74356
"536",2020-05-02 07:00:00,7.2805495,81.46923
"537",2020-05-02 08:00:00,2.16,89.99999
"538",2020-05-02 09:00:00,2.5959969,213.69006
"539",2020-05-02 10:00:00,5.495161,238.3925
"540",2020-05-02 11:00:00,6.439876,243.43495
"541",2020-05-02 12:00:00,9.504273,245.37643
"542",2020-05-02 13:00:00,10.144082,242.52557
"543",2020-05-02 14:00:00,12.7279215,241.26021
"544",2020-05-02 15:00:00,12.10157,239.62088
"545",2020-05-02 16:00:00,12.979984,236.30994
"546",2020-05-02 17:00:00,11.480557,228.81409
"547",2020-05-02 18:00:00,11.200571,225
"548",2020-05-02 19:00:00,9.19939,210.57922
"549",2020-05-02 20:00:00,8.891344,201.37062
"550",2020-05-02 21:00:00,7.208994,182.86241
"551",2020-05-02 22:00:00,5.937272,165.96376
"552",2020-05-02 23:00:00,6.3690495,137.2906
"553",2020-05-03 00:00:00,7.7879906,123.69006
"554",2020-05-03 01:00:00,8.891344,111.37062
"555",2020-05-03 02:00:00,8.557102,104.620865
"556",2020-05-03 03:00:00,7.5170207,106.69924
"557",2020-05-03 04:00:00,6.830519,108.434944
"558",2020-05-03 05:00:00,5.937272,104.03624
"559",2020-05-03 06:00:00,5.506941,101.30993
"560",2020-05-03 07:00:00,5.4477882,97.59464
"561",2020-05-03 08:00:00,2.968636,104.03624
"562",2020-05-03 09:00:00,2.52,180
"563",2020-05-03 10:00:00,4.8965297,216.02737
"564",2020-05-03 11:00:00,6.1305785,220.23636
"565",2020-05-03 12:00:00,9.449572,229.63547
"566",2020-05-03 13:00:00,10.233123,230.7106
"567",2020-05-03 14:00:00,12.096214,233.47115
"568",2020-05-03 15:00:00,11.212135,227.60257
"569",2020-05-03 16:00:00,11.720751,222.51045
"570",2020-05-03 17:00:00,10.990322,211.6075
"571",2020-05-03 18:00:00,11.753877,207.34988
"572",2020-05-03 19:00:00,9.779817,186.3402
"573",2020-05-03 20:00:00,9.36,180
"574",2020-05-03 21:00:00,8.209263,164.74487
"575",2020-05-03 22:00:00,7.9036193,149.93141
"576",2020-05-03 23:00:00,8.14587,135
"577",2020-05-05 00:00:00,5.937272,165.96376
"578",2020-05-05 01:00:00,5.315336,151.69923
"579",2020-05-05 02:00:00,4.39436,124.99202
"580",2020-05-05 03:00:00,4.452954,104.03624
"581",2020-05-05 04:00:00,4.68,89.99999
"582",2020-05-05 05:00:00,4.3349743,85.23635
"583",2020-05-05 06:00:00,5.8603754,79.38034
"584",2020-05-05 07:00:00,5.815978,68.19859
"585",2020-05-05 08:00:00,4.198285,59.036232
"586",2020-05-05 09:00:00,0.35999998,180
"587",2020-05-05 10:00:00,5.00128,239.74356
"588",2020-05-05 11:00:00,7.0911775,246.0375
"589",2020-05-05 12:00:00,10.636766,246.0375
"590",2020-05-05 13:00:00,12.10157,247.24902
"591",2020-05-05 14:00:00,13.049689,245.55606
"592",2020-05-05 15:00:00,12.10157,247.24902
"593",2020-05-05 16:00:00,14.118243,250.641
"594",2020-05-05 17:00:00,14.003029,252.03087
"595",2020-05-05 18:00:00,15.315873,246.44774
"596",2020-05-05 19:00:00,3.219938,243.43495
"597",2020-05-05 20:00:00,5.8603754,280.61966
"598",2020-05-05 21:00:00,3.7585104,286.69925
"599",2020-05-05 22:00:00,1.8,270
"600",2020-05-05 23:00:00,1.2979984,236.30994
"601",2020-05-06 00:00:00,1.8,180
"602",2020-05-06 01:00:00,2.52,180
"603",2020-05-06 02:00:00,2.2768397,161.56505
"604",2020-05-06 03:00:00,3.396233,147.99461
"605",2020-05-06 04:00:00,4.1046314,105.25512
"606",2020-05-06 05:00:00,6.924738,81.02737
"607",2020-05-06 06:00:00,6.6087217,60.64225
"608",2020-05-06 07:00:00,9.028754,66.501434
"609",2020-05-06 08:00:00,2.3051248,51.34018
"610",2020-05-06 09:00:00,1.835647,258.69006
"611",2020-05-06 10:00:00,5.0142193,248.9625
"612",2020-05-06 11:00:00,7.342588,258.69006
"613",2020-05-06 12:00:00,11.440978,257.27563
"614",2020-05-06 13:00:00,13.450708,254.47589
"615",2020-05-06 14:00:00,15.542662,256.6075
"616",2020-05-06 15:00:00,14.458382,251.11392
"617",2020-05-06 16:00:00,14.118243,250.641
"618",2020-05-06 17:00:00,11.440978,257.27563
"619",2020-05-06 18:00:00,10.829959,254.57785
"620",2020-05-06 19:00:00,7.7879906,236.30994
"621",2020-05-06 20:00:00,9,233.1301
"622",2020-05-06 21:00:00,6.618519,225
"623",2020-05-06 22:00:00,4.6800003,202.61987
"624",2020-05-06 23:00:00,2.5455842,188.1301
"625",2020-05-07 00:00:00,1.609969,116.56505
"626",2020-05-07 01:00:00,3.6179552,84.289406
"627",2020-05-07 02:00:00,3.8773184,68.19859
"628",2020-05-07 03:00:00,3.8939953,56.30993
"629",2020-05-07 04:00:00,4.072935,44.999985
"630",2020-05-07 05:00:00,4.8965297,36.027374
"631",2020-05-07 06:00:00,5.991594,32.735214
"632",2020-05-07 07:00:00,9.693296,58.671295
"633",2020-05-07 08:00:00,4.39436,55.007973
"634",2020-05-07 09:00:00,0.35999998,360
"635",2020-05-07 10:00:00,3.7064266,240.9454
"636",2020-05-07 11:00:00,6.297428,239.03625
"637",2020-05-07 12:00:00,12.245293,245.69547
"638",2020-05-07 13:00:00,15.315873,246.44774
"639",2020-05-07 14:00:00,19.855558,247.61987
"640",2020-05-07 15:00:00,20.056877,248.9625
"641",2020-05-07 16:00:00,16.279802,251.96573
"642",2020-05-07 17:00:00,10.829959,254.57785
"643",2020-05-07 18:00:00,9.114471,260.90973
"644",2020-05-07 19:00:00,3.4152596,251.56506
"645",2020-05-07 20:00:00,6.3690495,222.7094
"646",2020-05-07 21:00:00,6.8777895,227.1211
"647",2020-05-07 22:00:00,5.692099,235.30484
"648",2020-05-07 23:00:00,3.5455887,246.0375
"649",2020-05-08 00:00:00,2.16,270
"650",2020-05-08 01:00:00,0.5091169,315
"651",2020-05-08 02:00:00,1.2979984,56.30993
"652",2020-05-08 03:00:00,2.5959969,56.30993
"653",2020-05-08 04:00:00,3.096837,54.46232
"654",2020-05-08 05:00:00,3.8268526,48.81407
"655",2020-05-08 06:00:00,4.3349743,41.63353
"656",2020-05-08 07:00:00,7.5685663,64.65382
"657",2020-05-08 08:00:00,4.072935,44.999985
"658",2020-05-08 09:00:00,1.0182338,44.999985
"659",2020-05-08 10:00:00,3.7585104,253.30075
"660",2020-05-08 11:00:00,6.9527545,248.7495
"661",2020-05-08 12:00:00,11.043261,250.9744
"662",2020-05-08 13:00:00,12.0694,252.64598
"663",2020-05-08 14:00:00,14.917212,250.25317
"664",2020-05-08 15:00:00,15.716793,249.90477
"665",2020-05-08 16:00:00,17.114204,247.75098
"666",2020-05-08 17:00:00,12.7279215,241.26021
"667",2020-05-08 18:00:00,10.383987,236.30994
"668",2020-05-08 19:00:00,5.495161,238.3925
"669",2020-05-08 20:00:00,6.489992,236.30994
"670",2020-05-08 21:00:00,3.8268526,228.81409
"671",2020-05-08 22:00:00,1.9386592,201.8014
"672",2020-05-08 23:00:00,1.9386592,111.80141
"673",2020-05-09 00:00:00,5.04,89.99999
"674",2020-05-09 01:00:00,6.12,89.99999
"675",2020-05-09 02:00:00,6.12,89.99999
"676",2020-05-09 03:00:00,5.7599998,89.99999
"677",2020-05-09 04:00:00,5.8048253,82.874985
"678",2020-05-09 05:00:00,5.937272,75.96376
"679",2020-05-09 06:00:00,6.151683,69.443954
"680",2020-05-09 07:00:00,10.931203,72.75854
"681",2020-05-09 08:00:00,7.289444,69.77513
"682",2020-05-09 09:00:00,2.1897945,80.537674
"683",2020-05-09 10:00:00,1.8,216.8699
"684",2020-05-09 11:00:00,5.00128,239.74356
"685",2020-05-09 12:00:00,10.028439,248.9625
"686",2020-05-09 13:00:00,12.864649,252.07208
"687",2020-05-09 14:00:00,16.394829,250.76932
"688",2020-05-09 15:00:00,17.193533,250.42688
"689",2020-05-09 16:00:00,18.792551,249.82935
"690",2020-05-09 17:00:00,16.45007,246.8014
"691",2020-05-09 18:00:00,14.168641,242.78389
"692",2020-05-09 19:00:00,5.904439,232.43141
"693",2020-05-09 20:00:00,6.8777895,227.1211
"694",2020-05-09 21:00:00,4.198285,210.96376
"695",2020-05-09 22:00:00,2.52,180
"696",2020-05-09 23:00:00,2.4149535,116.56505
"697",2020-05-10 00:00:00,5.0911684,98.1301
"698",2020-05-10 01:00:00,6.162207,96.70984
"699",2020-05-10 02:00:00,6.4799995,89.99999
"700",2020-05-10 03:00:00,6.519877,83.65981
"701",2020-05-10 04:00:00,7.072878,75.25644
"702",2020-05-10 05:00:00,6.9247384,62.102737
"703",2020-05-10 06:00:00,7.7879906,56.30993
"704",2020-05-10 07:00:00,9.028754,66.501434
"705",2020-05-10 08:00:00,5.8048253,60.25511
"706",2020-05-10 09:00:00,1.2979984,56.30993
"707",2020-05-10 10:00:00,2.5455842,261.8699
"708",2020-05-10 11:00:00,6.489992,266.8202
"709",2020-05-10 12:00:00,10.8955765,262.40536
"710",2020-05-10 13:00:00,14.05845,267.06433
"711",2020-05-10 14:00:00,18.448023,264.40067
"712",2020-05-10 15:00:00,21.349546,264.19327
"713",2020-05-10 16:00:00,23.576563,262.98352
"714",2020-05-10 17:00:00,19.652176,261.57303
"715",2020-05-10 18:00:00,15.978486,255.65067
"716",2020-05-10 19:00:00,6.489992,250.55997
"717",2020-05-10 20:00:00,7.072878,255.25644
"718",2020-05-10 21:00:00,4.452954,255.96376
"719",2020-05-10 22:00:00,0.71999997,270
"720",2020-05-10 23:00:00,2.3051248,51.34018
"721",2020-05-11 00:00:00,3.7585104,73.30075
"722",2020-05-11 01:00:00,4.379589,80.537674
"723",2020-05-11 02:00:00,5.0911684,81.869896
"724",2020-05-11 03:00:00,5.5887027,75.06858
"725",2020-05-11 04:00:00,6.439876,63.43495
"726",2020-05-11 05:00:00,6.638072,49.398697
"727",2020-05-11 06:00:00,7.386582,43.025055
"728",2020-05-11 07:00:00,10.829958,68.55225
"729",2020-05-11 08:00:00,5.991594,57.26477
"730",2020-05-11 09:00:00,1.609969,26.565033
"731",2020-05-11 10:00:00,3.6,270
"732",2020-05-11 11:00:00,8.287822,272.48956
"733",2020-05-11 12:00:00,13.679999,270
"734",2020-05-11 13:00:00,17.283749,268.80652
"735",2020-05-11 14:00:00,24.546085,265.79465
"736",2020-05-11 15:00:00,24.162945,266.58344
"737",2020-05-11 16:00:00,23.828083,265.6677
"738",2020-05-11 17:00:00,20.721119,262.01068
"739",2020-05-11 18:00:00,15.725037,254.0546
"740",2020-05-11 19:00:00,8.0899935,237.72437
"741",2020-05-11 20:00:00,6.1094027,225
"742",2020-05-11 21:00:00,3.4152596,198.43495
"743",2020-05-11 22:00:00,2.5959969,146.30994
"744",2020-05-11 23:00:00,4.2136917,109.9831
"745",2020-05-12 00:00:00,5.8603754,100.61965
"746",2020-05-12 01:00:00,6.12,89.99999
"747",2020-05-12 02:00:00,6.2145634,79.99202
"748",2020-05-12 03:00:00,6.28713,66.37062
"749",2020-05-12 04:00:00,6.792466,57.994614
"750",2020-05-12 05:00:00,7.10031,59.534447
"751",2020-05-12 06:00:00,7.729527,62.241455
"752",2020-05-12 07:00:00,7.8954163,65.772255
"753",2020-05-12 08:00:00,7.8954163,65.772255
"754",2020-05-12 09:00:00,1.1384199,71.56504
"755",2020-05-12 10:00:00,3.396233,237.99463
"756",2020-05-12 11:00:00,5.95906,244.98311
"757",2020-05-12 12:00:00,9.693296,248.1986
"758",2020-05-12 13:00:00,11.298495,247.52057
"759",2020-05-12 14:00:00,14.84318,247.16635
"760",2020-05-12 15:00:00,15.978484,247.47943
"761",2020-05-12 16:00:00,17.447933,248.1986
"762",2020-05-12 17:00:00,14.372974,247.9321
"763",2020-05-12 18:00:00,12.904882,247.01129
"764",2020-05-12 19:00:00,8.707237,240.25513
"765",2020-05-12 20:00:00,6.8777895,227.1211
"766",2020-05-12 21:00:00,4.452954,194.03624
"767",2020-05-12 22:00:00,3.5455887,156.0375
"768",2020-05-12 23:00:00,4.8965297,126.027374
