"","timestamp","√.lvaro.Obreg√≥n.Wind.Speed..80.m.","√.lvaro.Obreg√≥n.Wind.Direction..80.m."
"1",2020-04-14 00:00:00,18.345877,105.9454
"2",2020-04-14 01:00:00,18.861387,103.240524
"3",2020-04-14 02:00:00,20.275385,106.50436
"4",2020-04-14 03:00:00,20.724247,107.1759
"5",2020-04-14 04:00:00,20.870687,104.99507
"6",2020-04-14 05:00:00,20.240196,95.10216
"7",2020-04-14 06:00:00,16.919998,89.99999
"8",2020-04-14 07:00:00,17.163355,99.65989
"9",2020-04-14 08:00:00,19.562946,102.75753
"10",2020-04-14 09:00:00,20.696085,103.06931
"11",2020-04-14 10:00:00,22.35481,104.93142
"12",2020-04-14 11:00:00,22.314194,107.85032
"13",2020-04-14 12:00:00,21.862406,107.241455
"14",2020-04-14 13:00:00,22.104116,106.07356
"15",2020-04-14 14:00:00,22.79684,105.57254
"16",2020-04-14 15:00:00,24.014996,102.99461
"17",2020-04-14 16:00:00,24.288662,101.97613
"18",2020-04-14 17:00:00,24.64094,101.80243
"19",2020-04-14 18:00:00,24.36591,102.80426
"20",2020-04-14 19:00:00,23.233253,102.52881
"21",2020-04-14 20:00:00,22.314192,100.22216
"22",2020-04-14 21:00:00,20.008356,98.27589
"23",2020-04-14 22:00:00,18.72346,91.1017
"24",2020-04-14 23:00:00,18.374111,92.245735
"25",2020-04-15 00:00:00,17.015474,96.07246
"26",2020-04-15 01:00:00,16.09969,100.30484
"27",2020-04-15 02:00:00,15.978486,104.34933
"28",2020-04-15 03:00:00,13.698934,93.01279
"29",2020-04-15 04:00:00,12.599999,89.99999
"30",2020-04-15 05:00:00,11.090103,76.86598
"31",2020-04-15 06:00:00,10.464797,63.43495
"32",2020-04-15 07:00:00,13.202726,78.99645
"33",2020-04-15 08:00:00,14.118243,109.35899
"34",2020-04-15 09:00:00,18.214718,108.434944
"35",2020-04-15 10:00:00,18.1041,107.35402
"36",2020-04-15 11:00:00,16.766108,104.93142
"37",2020-04-15 12:00:00,15.192682,103.70696
"38",2020-04-15 13:00:00,15.03835,101.04093
"39",2020-04-15 14:00:00,16.65754,96.203445
"40",2020-04-15 15:00:00,19.8,89.99999
"41",2020-04-15 16:00:00,20.5484,86.98721
"42",2020-04-15 17:00:00,20.633371,83.99099
"43",2020-04-15 18:00:00,20.633371,83.99099
"44",2020-04-15 19:00:00,20.240196,84.897835
"45",2020-04-15 20:00:00,26.124195,101.92932
"46",2020-04-15 21:00:00,24.442911,99.323586
"47",2020-04-15 22:00:00,20.188908,93.06648
"48",2020-04-15 23:00:00,16.215992,92.5448
"49",2020-04-16 00:00:00,12.287555,95.04245
"50",2020-04-16 01:00:00,9.422101,96.58194
"51",2020-04-16 02:00:00,9.47012,98.74616
"52",2020-04-16 03:00:00,10.105681,94.08562
"53",2020-04-16 04:00:00,9.746631,94.23639
"54",2020-04-16 05:00:00,7.968939,71.56504
"55",2020-04-16 06:00:00,10.514218,51.95294
"56",2020-04-16 07:00:00,12.096214,53.47113
"57",2020-04-16 08:00:00,9.793059,36.027374
"58",2020-04-16 09:00:00,11.384199,71.56504
"59",2020-04-16 10:00:00,15.119999,89.99999
"60",2020-04-16 11:00:00,20.478907,100.124664
"61",2020-04-16 12:00:00,22.608458,99.162346
"62",2020-04-16 13:00:00,24.717085,102.61932
"63",2020-04-16 14:00:00,23.313995,103.392494
"64",2020-04-16 15:00:00,23.863409,101.30993
"65",2020-04-16 16:00:00,24.288662,101.97613
"66",2020-04-16 17:00:00,24.717085,102.61932
"67",2020-04-16 18:00:00,24.288662,101.97613
"68",2020-04-16 19:00:00,22.805367,101.84207
"69",2020-04-16 20:00:00,21.322214,101.68936
"70",2020-04-16 21:00:00,18.844202,96.58194
"71",2020-04-16 22:00:00,17.283749,91.19349
"72",2020-04-16 23:00:00,16.595179,93.73139
"73",2020-04-17 00:00:00,16.75064,98.652534
"74",2020-04-17 01:00:00,18.079027,102.65255
"75",2020-04-17 02:00:00,18.214718,108.434944
"76",2020-04-17 03:00:00,15.937878,108.434944
"77",2020-04-17 04:00:00,14.685176,101.30993
"78",2020-04-17 05:00:00,13.698934,93.01279
"79",2020-04-17 06:00:00,14.113653,84.143974
"80",2020-04-17 07:00:00,14.05845,87.06432
"81",2020-04-17 08:00:00,14.587776,105.75117
"82",2020-04-17 09:00:00,22.086521,109.025604
"83",2020-04-17 10:00:00,22.104116,106.07356
"84",2020-04-17 11:00:00,23.683512,109.53665
"85",2020-04-17 12:00:00,24.735432,111.33685
"86",2020-04-17 13:00:00,25.282152,109.9831
"87",2020-04-17 14:00:00,25.96496,106.92751
"88",2020-04-17 15:00:00,26.459389,104.981636
"89",2020-04-17 16:00:00,25.932495,103.65041
"90",2020-04-17 17:00:00,26.019806,104.42077
"91",2020-04-17 18:00:00,25.516865,106.38954
"92",2020-04-17 19:00:00,23.863409,101.30993
"93",2020-04-17 20:00:00,23.219301,97.125015
"94",2020-04-17 21:00:00,20.598795,84.986885
"95",2020-04-17 22:00:00,18.228943,80.90972
"96",2020-04-17 23:00:00,16.575644,87.510445
"97",2020-04-18 00:00:00,14.404499,88.5679
"98",2020-04-18 01:00:00,13.684735,91.50743
"99",2020-04-18 02:00:00,13.004921,94.76365
"100",2020-04-18 03:00:00,12.783802,99.72758
"101",2020-04-18 04:00:00,12.224107,103.62699
"102",2020-04-18 05:00:00,10.495713,112.16634
"103",2020-04-18 06:00:00,10.163227,112.9321
"104",2020-04-18 07:00:00,11.090103,103.13402
"105",2020-04-18 08:00:00,13.1041975,110.9245
"106",2020-04-18 09:00:00,21.413193,116.995834
"107",2020-04-18 10:00:00,21.746502,109.3348
"108",2020-04-18 11:00:00,23.933907,111.161255
"109",2020-04-18 12:00:00,25.282152,109.9831
"110",2020-04-18 13:00:00,26.758923,109.653824
"111",2020-04-18 14:00:00,26.64,108.92464
"112",2020-04-18 15:00:00,26.64,108.92464
"113",2020-04-18 16:00:00,25.729298,107.92791
"114",2020-04-18 17:00:00,25.277023,107.4027
"115",2020-04-18 18:00:00,24.975283,105.03781
"116",2020-04-18 19:00:00,23.749088,104.03624
"117",2020-04-18 20:00:00,24.087738,99.46232
"118",2020-04-18 21:00:00,22.007162,93.751724
"119",2020-04-18 22:00:00,20.188908,93.06648
"120",2020-04-18 23:00:00,18.532133,97.815285
"121",2020-04-19 00:00:00,18.079027,102.65255
"122",2020-04-19 01:00:00,20.431387,104.2811
"123",2020-04-19 02:00:00,20.037485,107.78389
"124",2020-04-19 03:00:00,17.654688,110.282555
"125",2020-04-19 04:00:00,16.516901,110.409874
"126",2020-04-19 05:00:00,15.379206,110.556046
"127",2020-04-19 06:00:00,15.509274,111.80141
"128",2020-04-19 07:00:00,15.978484,112.52056
"129",2020-04-19 08:00:00,17.072504,114.9439
"130",2020-04-19 09:00:00,23.358425,114.59012
"131",2020-04-19 10:00:00,25.478743,113.304886
"132",2020-04-19 11:00:00,27.890127,113.58703
"133",2020-04-19 12:00:00,29.354902,113.10632
"134",2020-04-19 13:00:00,29.882166,111.92958
"135",2020-04-19 14:00:00,29.414444,111.54097
"136",2020-04-19 15:00:00,29.035288,109.55824
"137",2020-04-19 16:00:00,27.09822,109.39781
"138",2020-04-19 17:00:00,25.516865,106.38954
"139",2020-04-19 18:00:00,24.288662,101.97613
"140",2020-04-19 19:00:00,23.936617,102.15494
"141",2020-04-19 20:00:00,25.323128,104.82648
"142",2020-04-19 21:00:00,23.510508,101.48199
"143",2020-04-19 22:00:00,21.41319,106.60698
"144",2020-04-19 23:00:00,20.94507,118.76764
"145",2020-04-20 00:00:00,19.734436,128.33334
"146",2020-04-20 01:00:00,17.581125,132.51044
"147",2020-04-20 02:00:00,15.30741,131.18591
"148",2020-04-20 03:00:00,14.77755,124.077194
"149",2020-04-20 04:00:00,12.074766,116.56505
"150",2020-04-20 05:00:00,11.177405,104.93142
"151",2020-04-20 06:00:00,11.609651,97.125015
"152",2020-04-20 07:00:00,11.525623,91.7899
"153",2020-04-20 08:00:00,11.792404,102.33909
"154",2020-04-20 09:00:00,14.973576,99.68878
"155",2020-04-20 10:00:00,14.05845,92.93567
"156",2020-04-20 11:00:00,14.685176,78.69006
"157",2020-04-20 12:00:00,15.629971,75.3236
"158",2020-04-20 13:00:00,17.555305,74.53877
"159",2020-04-20 14:00:00,17.811815,75.96376
"160",2020-04-20 15:00:00,19.296133,75.96376
"161",2020-04-20 16:00:00,19.48661,78.27489
"162",2020-04-20 17:00:00,19.839235,78.48617
"163",2020-04-20 18:00:00,19.70815,80.537674
"164",2020-04-20 19:00:00,19.881649,84.805565
"165",2020-04-20 20:00:00,25.929996,91.59113
"166",2020-04-20 21:00:00,25.264202,94.08562
"167",2020-04-20 22:00:00,20.929596,93.945175
"168",2020-04-20 23:00:00,15.546833,95.31454
"169",2020-04-21 00:00:00,10.853866,84.289406
"170",2020-04-21 01:00:00,9,53.130096
"171",2020-04-21 02:00:00,10.182337,44.999985
"172",2020-04-21 03:00:00,11.019764,51.632507
"173",2020-04-21 04:00:00,10.464797,63.43495
"174",2020-04-21 05:00:00,10.990322,58.392494
"175",2020-04-21 06:00:00,12.682018,55.4077
"176",2020-04-21 07:00:00,11.384198,55.304832
"177",2020-04-21 08:00:00,11.298495,67.52056
"178",2020-04-21 09:00:00,13.493999,80.78897
"179",2020-04-21 10:00:00,15.137133,87.27369
"180",2020-04-21 11:00:00,15.484185,88.66778
"181",2020-04-21 12:00:00,16.199999,89.99999
"182",2020-04-21 13:00:00,18.0036,91.14575
"183",2020-04-21 14:00:00,19.083395,91.08092
"184",2020-04-21 15:00:00,21.24,89.99999
"185",2020-04-21 16:00:00,22.3229,89.07595
"186",2020-04-21 17:00:00,23.051247,88.21008
"187",2020-04-21 18:00:00,23.039999,89.99999
"188",2020-04-21 19:00:00,21.96295,90.939186
"189",2020-04-21 20:00:00,21.26744,92.910835
"190",2020-04-21 21:00:00,19.8,89.99999
"191",2020-04-21 22:00:00,21.03152,83.11828
"192",2020-04-21 23:00:00,21.626984,87.137596
"193",2020-04-20 00:00:00,19.586119,126.027374
"195",2020-04-20 02:00:00,17.31746,133.3153
"196",2020-04-20 03:00:00,12.768586,130.42607
"197",2020-04-20 04:00:00,9.290511,125.537674
"198",2020-04-20 05:00:00,8.854829,116.56505
"199",2020-04-20 06:00:00,9.746631,94.23639
"201",2020-04-20 08:00:00,13.004921,94.76365
"202",2020-04-20 09:00:00,16.516901,110.409874
"203",2020-04-20 10:00:00,14.241629,106.14433
"204",2020-04-20 11:00:00,13.797912,97.49586
"205",2020-04-20 12:00:00,14.759999,89.99999
"206",2020-04-20 13:00:00,16.215992,87.45519
"207",2020-04-20 14:00:00,14.830076,84.4278
"208",2020-04-20 15:00:00,15.328561,80.537674
"209",2020-04-20 16:00:00,16.808569,80.134186
"210",2020-04-20 17:00:00,19.559633,83.65981
"211",2020-04-20 18:00:00,20.523155,88.99491
"212",2020-04-20 19:00:00,20.929596,93.945175
"213",2020-04-20 20:00:00,20.969805,101.88866
"214",2020-04-20 21:00:00,19.296133,104.03624
"215",2020-04-20 22:00:00,15.683776,99.24611
"216",2020-04-20 23:00:00,11.570515,95.35582
"217",2020-04-21 00:00:00,11.212135,95.52754
"218",2020-04-21 01:00:00,10.739833,103.570435
"219",2020-04-21 02:00:00,9.255571,103.49573
"220",2020-04-21 03:00:00,8.905908,75.96376
"221",2020-04-21 04:00:00,11.043261,70.97439
"222",2020-04-21 05:00:00,12.522619,71.56504
"223",2020-04-21 06:00:00,12.641076,70.016884
"225",2020-04-21 08:00:00,9.360001,67.380135
"226",2020-04-21 09:00:00,16.56,89.99999
"227",2020-04-21 10:00:00,18.0036,91.14575
"228",2020-04-21 11:00:00,18.448023,95.599335
"229",2020-04-21 12:00:00,19.201874,96.45882
"230",2020-04-21 13:00:00,20.275383,96.1155
"231",2020-04-21 14:00:00,20.674158,97.00127
"232",2020-04-21 15:00:00,21.611998,91.90914
"233",2020-04-21 16:00:00,21.96295,90.939186
"234",2020-04-21 17:00:00,22.7057,92.72631
"235",2020-04-21 18:00:00,22.782625,95.44032
"236",2020-04-21 19:00:00,22.065973,95.61758
"237",2020-04-21 20:00:00,25.812277,98.01709
"238",2020-04-21 21:00:00,24.850431,88.339714
"239",2020-04-21 22:00:00,23.576563,82.9835
"240",2020-04-21 23:00:00,22.862125,82.76308
"241",2020-04-22 00:00:00,20.570463,85.98582
"242",2020-04-22 01:00:00,17.313717,86.42367
"243",2020-04-22 02:00:00,16.520823,78.69006
"244",2020-04-22 03:00:00,17.106628,81.52885
"245",2020-04-22 04:00:00,16.215992,87.45519
"246",2020-04-22 05:00:00,15.517629,86.00909
"247",2020-04-22 06:00:00,16.343367,82.40536
"248",2020-04-22 07:00:00,17.81909,81.869896
"249",2020-04-22 08:00:00,16.93531,92.436646
"250",2020-04-22 09:00:00,21.398056,102.63336
"251",2020-04-22 10:00:00,24.703976,108.69898
"252",2020-04-22 11:00:00,26.309572,106.69924
"253",2020-04-22 12:00:00,26.717722,104.03624
"254",2020-04-22 13:00:00,28.467329,103.15754
"255",2020-04-22 14:00:00,29.601109,103.360214
"256",2020-04-22 15:00:00,30.385365,103.70696
"257",2020-04-22 16:00:00,30.124065,104.534454
"258",2020-04-22 17:00:00,29.68636,104.03624
"259",2020-04-22 18:00:00,29.370352,101.30993
"260",2020-04-22 19:00:00,27.959742,101.88866
"261",2020-04-22 20:00:00,24.36591,102.80426
"262",2020-04-22 21:00:00,22.253124,99.30994
"263",2020-04-22 22:00:00,21.046917,102.8477
"264",2020-04-22 23:00:00,21.868332,110.22485
"265",2020-04-23 00:00:00,20.188908,111.99113
"266",2020-04-23 01:00:00,20.61766,114.77514
"267",2020-04-23 02:00:00,20.291357,115.201126
"268",2020-04-23 03:00:00,21.325253,111.80141
"269",2020-04-23 04:00:00,22.73707,113.31771
"270",2020-04-23 05:00:00,25.20257,111.80141
"271",2020-04-23 06:00:00,25.40743,110.74608
"272",2020-04-23 07:00:00,23.224882,108.99665
"273",2020-04-23 08:00:00,23.4,112.61986
"274",2020-04-23 09:00:00,29.337238,119.39605
"275",2020-04-23 10:00:00,30.261421,122.36664
"276",2020-04-23 11:00:00,30.993471,120.73548
"277",2020-04-23 12:00:00,30.993471,120.73548
"278",2020-04-23 13:00:00,31.435646,119.500725
"279",2020-04-23 14:00:00,30.945345,119.248825
"280",2020-04-23 15:00:00,29.827904,119.6591
"281",2020-04-23 16:00:00,28.712116,120.1013
"282",2020-04-23 17:00:00,28.694056,113.67053
"283",2020-04-23 18:00:00,27.416782,113.19859
"284",2020-04-23 19:00:00,26.299719,109.17901
"285",2020-04-23 20:00:00,25.683926,95.630684
"286",2020-04-23 21:00:00,24.933735,94.96974
"287",2020-04-23 22:00:00,25.764534,105.395546
"288",2020-04-23 23:00:00,23.871555,113.08513
"289",2020-04-24 00:00:00,24.798225,117.68106
"290",2020-04-24 01:00:00,23.358423,118.53998
"291",2020-04-24 02:00:00,21.900904,115.301384
"292",2020-04-24 03:00:00,20.65848,112.54305
"293",2020-04-24 04:00:00,18.58451,111.59531
"294",2020-04-24 05:00:00,17.114204,104.620865
"295",2020-04-24 06:00:00,18.709612,101.09372
"296",2020-04-24 07:00:00,17.518356,99.46232
"297",2020-04-24 08:00:00,9.72,89.99999
"298",2020-04-24 09:00:00,12.496719,101.63363
"299",2020-04-24 10:00:00,11.183201,86.30861
"300",2020-04-24 11:00:00,12.324414,83.29016
"301",2020-04-24 12:00:00,13.450708,74.47588
"302",2020-04-24 13:00:00,15.111424,77.61923
"303",2020-04-24 14:00:00,15.986595,82.23483
"304",2020-04-24 15:00:00,15.941944,83.51692
"305",2020-04-24 16:00:00,16.299694,83.65981
"306",2020-04-24 17:00:00,17.81909,81.869896
"307",2020-04-24 18:00:00,18.175545,82.03039
"308",2020-04-24 19:00:00,18.391735,86.63353
"309",2020-04-24 20:00:00,26.552288,102.52881
"310",2020-04-24 21:00:00,24.448214,103.62699
"311",2020-04-24 22:00:00,16.62249,94.96974
"312",2020-04-24 23:00:00,7.24486,63.43495
"313",2020-04-25 00:00:00,4.8965297,36.027374
"314",2020-04-25 01:00:00,4.39436,34.99202
"315",2020-04-25 02:00:00,3.8773184,68.19859
"316",2020-04-25 03:00:00,3.8939953,56.30993
"317",2020-04-25 04:00:00,5.1165614,39.2894
"318",2020-04-25 05:00:00,7.2,36.86989
"319",2020-04-25 06:00:00,8.4963045,53.61563
"320",2020-04-25 07:00:00,8.311245,72.34988
"321",2020-04-25 08:00:00,9.9571085,102.52881
"322",2020-04-25 09:00:00,13.450708,105.5241
"323",2020-04-25 10:00:00,14.408997,102.99461
"324",2020-04-25 11:00:00,15.5843,96.632515
"325",2020-04-25 12:00:00,18.03237,93.433624
"326",2020-04-25 13:00:00,20.883104,89.01224
"327",2020-04-25 14:00:00,22.691425,88.1817
"328",2020-04-25 15:00:00,24.482647,89.15747
"329",2020-04-25 16:00:00,24.48,89.99999
"330",2020-04-25 17:00:00,24.122683,89.144905
"331",2020-04-25 18:00:00,24.48,89.99999
"332",2020-04-25 19:00:00,23.039999,89.99999
"333",2020-04-25 20:00:00,24.522316,93.366455
"334",2020-04-25 21:00:00,23.266697,81.99527
"335",2020-04-25 22:00:00,23.444265,86.478546
"336",2020-04-25 23:00:00,21.602999,89.04515
"337",2020-04-26 00:00:00,16.923828,88.78112
"338",2020-04-26 01:00:00,14.759999,89.99999
"339",2020-04-26 02:00:00,14.113653,95.85601
"340",2020-04-26 03:00:00,12.964998,91.59113
"341",2020-04-26 04:00:00,14.081478,94.398705
"342",2020-04-26 05:00:00,15.84409,91.30195
"343",2020-04-26 06:00:00,18.359999,89.99999
"344",2020-04-26 07:00:00,20.188908,93.06648
"345",2020-04-26 08:00:00,18.089775,95.71059
"346",2020-04-26 09:00:00,22.657131,107.57126
"347",2020-04-26 10:00:00,23.598541,111.47679
"348",2020-04-26 11:00:00,25.045238,108.434944
"349",2020-04-26 12:00:00,25.417631,105.610985
"350",2020-04-26 13:00:00,26.554728,105.732
"351",2020-04-26 14:00:00,26.309572,106.69924
"352",2020-04-26 15:00:00,25.932495,103.65041
"353",2020-04-26 16:00:00,24.923338,100.82301
"354",2020-04-26 17:00:00,23.97989,97.76516
"355",2020-04-26 18:00:00,23.535301,96.14662
"356",2020-04-26 19:00:00,21.626984,92.862404
"357",2020-04-26 20:00:00,22.461807,96.44159
"358",2020-04-26 21:00:00,22.691425,91.8183
"359",2020-04-26 22:00:00,20.883104,89.01224
"360",2020-04-26 23:00:00,20.5484,93.01279
"361",2020-04-27 00:00:00,17.873556,99.2726
"362",2020-04-27 01:00:00,13.979871,101.88866
"363",2020-04-27 02:00:00,12.324414,96.70984
"364",2020-04-27 03:00:00,8.311245,85.03026
"365",2020-04-27 04:00:00,7.968939,71.56504
"366",2020-04-27 05:00:00,8.707237,60.25511
"367",2020-04-27 06:00:00,9.826088,61.557068
"368",2020-04-27 07:00:00,9.826088,61.557068
"369",2020-04-27 08:00:00,9.904906,70.90651
"370",2020-04-27 09:00:00,15.188415,95.44032
"371",2020-04-27 10:00:00,17.731598,95.82633
"372",2020-04-27 11:00:00,20.188908,93.06648
"373",2020-04-27 12:00:00,21.316135,94.844
"374",2020-04-27 13:00:00,22.782625,95.44032
"375",2020-04-27 14:00:00,22.862125,97.236916
"376",2020-04-27 15:00:00,22.461807,96.44159
"377",2020-04-27 16:00:00,21.67487,94.76365
"378",2020-04-27 17:00:00,21.288757,93.87852
"379",2020-04-27 18:00:00,20.532627,92.009544
"380",2020-04-27 19:00:00,19.803272,91.04162
"381",2020-04-27 20:00:00,19.523155,95.29008
"382",2020-04-27 21:00:00,18.775301,94.398705
"383",2020-04-27 22:00:00,18.94024,81.25384
"384",2020-04-27 23:00:00,19.829433,74.19748
"385",2020-04-26 00:00:00,15.629972,97.943474
"386",2020-04-26 01:00:00,15.629972,97.943474
"387",2020-04-26 02:00:00,14.685176,101.30993
"388",2020-04-26 03:00:00,15.542662,103.392494
"389",2020-04-26 04:00:00,16.327497,104.03624
"390",2020-04-26 05:00:00,15.192682,103.70696
"391",2020-04-26 06:00:00,15.03835,101.04093
"393",2020-04-26 08:00:00,23.584808,102.33909
"394",2020-04-26 09:00:00,25.071096,105.83238
"395",2020-04-26 10:00:00,24.72495,106.05998
"396",2020-04-26 11:00:00,23.157824,101.659294
"397",2020-04-26 12:00:00,24.280659,105.47863
"398",2020-04-26 13:00:00,24.975283,105.03781
"399",2020-04-26 14:00:00,25.323128,104.82648
"400",2020-04-26 15:00:00,25.699057,101.30993
"401",2020-04-26 16:00:00,25.812277,98.01709
"402",2020-04-26 17:00:00,25.050413,97.431404
"403",2020-04-26 18:00:00,23.857979,95.19443
"404",2020-04-26 19:00:00,22.7057,92.72631
"417",2020-04-27 08:00:00,16.09969,100.30484
"418",2020-04-27 09:00:00,18.228943,99.09027
"419",2020-04-27 10:00:00,17.771753,96.98105
"420",2020-04-27 11:00:00,20.674158,97.00127
"421",2020-04-27 12:00:00,21.626984,92.862404
"422",2020-04-27 13:00:00,23.78453,92.60256
"423",2020-04-27 14:00:00,24.50381,92.52611
"424",2020-04-27 15:00:00,24.850431,91.66028
"425",2020-04-27 16:00:00,23.762726,90.86805
"426",2020-04-27 17:00:00,23.411074,88.2376
"427",2020-04-27 18:00:00,22.42427,84.47246
"428",2020-04-27 19:00:00,21.791153,82.40536
"429",2020-04-27 20:00:00,21.99538,111.104836
"430",2020-04-27 21:00:00,21.322214,101.68936
"431",2020-04-27 22:00:00,18.775301,94.398705
"432",2020-04-27 23:00:00,16.203999,88.72697
"433",2020-04-28 00:00:00,14.512064,82.874985
"434",2020-04-28 01:00:00,13.556282,79.28687
"435",2020-04-28 02:00:00,13.849476,81.02737
"436",2020-04-28 03:00:00,13.722565,85.48601
"437",2020-04-28 04:00:00,15.119999,89.99999
"438",2020-04-28 05:00:00,13.698934,93.01279
"439",2020-04-28 06:00:00,12.682018,96.5198
"440",2020-04-28 07:00:00,11.252519,97.35238
"441",2020-04-28 08:00:00,9.028754,85.42608
"442",2020-04-28 09:00:00,18.35647,101.30993
"443",2020-04-28 10:00:00,20.431387,104.2811
"444",2020-04-28 11:00:00,21.313093,105.67952
"445",2020-04-28 12:00:00,21.829777,103.348724
"446",2020-04-28 13:00:00,23.087763,100.784294
"447",2020-04-28 14:00:00,23.863409,101.30993
"448",2020-04-28 15:00:00,24.149532,100.30484
"449",2020-04-28 16:00:00,23.377836,99.75242
"450",2020-04-28 17:00:00,22.91026,98.1301
"451",2020-04-28 18:00:00,22.461807,96.44159
"452",2020-04-28 19:00:00,21.349546,95.80673
"453",2020-04-28 20:00:00,22.314194,107.85032
"454",2020-04-28 21:00:00,20.265795,102.308014
"455",2020-04-28 22:00:00,17.518356,99.46232
"456",2020-04-28 23:00:00,15.517629,93.990906
"457",2020-04-29 00:00:00,13.679999,89.99999
"458",2020-04-29 01:00:00,13.324863,91.54815
"459",2020-04-29 02:00:00,12.605142,91.63657
"460",2020-04-29 03:00:00,13.32,89.99999
"461",2020-04-29 04:00:00,14.417988,87.137596
"462",2020-04-29 05:00:00,14.044615,88.53119
"463",2020-04-29 06:00:00,14.417988,92.862404
"464",2020-04-29 07:00:00,14.440443,94.28915
"465",2020-04-29 08:00:00,12.849528,101.30993
"466",2020-04-29 09:00:00,19.721298,111.412964
"467",2020-04-29 10:00:00,21.273533,113.96249
"468",2020-04-29 11:00:00,21.897945,117.40757
"469",2020-04-29 12:00:00,21.30093,120.465546
"470",2020-04-29 13:00:00,20.608229,117.012665
"471",2020-04-29 14:00:00,19.130875,109.798874
"472",2020-04-29 15:00:00,20.620806,106.22019
"473",2020-04-29 16:00:00,21.41319,106.60698
"474",2020-04-29 17:00:00,23.749088,104.03624
"475",2020-04-29 18:00:00,23.313995,103.392494
"476",2020-04-29 19:00:00,21.829777,103.348724
"477",2020-04-29 20:00:00,23.936617,102.15494
"478",2020-04-29 21:00:00,26.299719,109.17901
"479",2020-04-29 22:00:00,23.806318,110.353226
"480",2020-04-29 23:00:00,17.76081,107.700424
"481",2020-04-30 00:00:00,11.384199,108.434944
"482",2020-04-30 01:00:00,4.829907,116.56505
"483",2020-04-30 02:00:00,1.8,89.99999
"484",2020-04-30 03:00:00,1.8,36.86989
"485",2020-04-30 04:00:00,3.7585104,73.30075
"486",2020-04-30 05:00:00,5.0911684,81.869896
"487",2020-04-30 06:00:00,5.6920996,108.434944
"488",2020-04-30 07:00:00,4.0249224,116.56505
"489",2020-04-30 08:00:00,5.4477882,82.40536
"490",2020-04-30 09:00:00,8.825508,101.76829
"491",2020-04-30 10:00:00,8.209263,105.25512
"492",2020-04-30 11:00:00,6.489992,93.179825
"493",2020-04-30 12:00:00,6.9899354,78.11134
"494",2020-04-30 13:00:00,9.826088,61.557068
"495",2020-04-30 14:00:00,11.753877,62.65013
"496",2020-04-30 15:00:00,14.48972,63.43495
"497",2020-04-30 16:00:00,15.137133,64.65382
"498",2020-04-30 17:00:00,15.778518,62.85031
"499",2020-04-30 18:00:00,17.068707,62.354027
"500",2020-04-30 19:00:00,18.25026,75.14138
"501",2020-04-30 20:00:00,20.380579,72.525215
"502",2020-04-30 21:00:00,16.327497,104.03624
"503",2020-04-30 22:00:00,11.592894,53.841812
"504",2020-04-30 23:00:00,10.233123,50.7106
"505",2020-05-01 00:00:00,10.823973,86.18592
"506",2020-05-01 01:00:00,9.793058,107.10272
"507",2020-05-01 02:00:00,7.2805495,98.53076
"508",2020-05-01 03:00:00,6.130579,86.63353
"509",2020-05-01 04:00:00,7.24486,63.43495
"510",2020-05-01 05:00:00,8.669949,48.366455
"511",2020-05-01 06:00:00,10.009036,52.305756
"512",2020-05-01 07:00:00,9.793059,53.97262
"513",2020-05-01 08:00:00,11.304229,350.83765
"514",2020-05-01 09:00:00,9.255571,13.495728
"515",2020-05-01 10:00:00,8.287822,55.61966
"516",2020-05-01 11:00:00,9.255571,76.504265
"517",2020-05-01 12:00:00,11.525623,75.52971
"518",2020-05-01 13:00:00,14.759999,77.31962
"519",2020-05-01 14:00:00,16.808569,80.134186
"520",2020-05-01 15:00:00,18.228943,80.90972
"521",2020-05-01 16:00:00,19.245697,82.47618
"522",2020-05-01 17:00:00,20.523155,88.99491
"523",2020-05-01 18:00:00,20.316889,97.125015
"524",2020-05-01 19:00:00,21.829777,103.348724
"525",2020-05-01 20:00:00,24.023088,119.63838
"526",2020-05-01 21:00:00,19.652176,118.442924
"527",2020-05-01 22:00:00,13.979872,124.508514
"528",2020-05-01 23:00:00,8.534353,117.64597
"529",2020-05-02 00:00:00,5.8603754,79.38034
"530",2020-05-02 01:00:00,7.8954163,46.847595
"531",2020-05-02 02:00:00,9,53.130096
"532",2020-05-02 03:00:00,10.30883,65.224846
"533",2020-05-02 04:00:00,11.525623,75.52971
"534",2020-05-02 05:00:00,11.525623,75.52971
"535",2020-05-02 06:00:00,10.829959,74.577835
"536",2020-05-02 07:00:00,10.483357,74.054596
"537",2020-05-02 08:00:00,9,89.99999
"538",2020-05-02 09:00:00,13.849476,98.97262
"539",2020-05-02 10:00:00,16.263872,95.079605
"540",2020-05-02 11:00:00,16.981165,94.86451
"541",2020-05-02 12:00:00,18.486622,96.70984
"542",2020-05-02 13:00:00,20.364674,98.1301
"543",2020-05-02 14:00:00,21.349546,95.80673
"544",2020-05-02 15:00:00,22.782625,95.44032
"545",2020-05-02 16:00:00,22.862125,97.236916
"546",2020-05-02 17:00:00,23.441502,100.61965
"547",2020-05-02 18:00:00,23.83896,104.87568
"548",2020-05-02 19:00:00,22.61419,103.81502
"549",2020-05-02 20:00:00,20.780453,104.03624
"550",2020-05-02 21:00:00,19.13426,101.94417
"551",2020-05-02 22:00:00,16.62249,94.96974
"552",2020-05-02 23:00:00,14.417988,92.862404
"553",2020-05-03 00:00:00,12.620554,93.27049
"554",2020-05-03 01:00:00,11.570515,95.35582
"555",2020-05-03 02:00:00,10.948973,99.46232
"556",2020-05-03 03:00:00,10.483357,105.9454
"557",2020-05-03 04:00:00,9.793058,107.10272
"558",2020-05-03 05:00:00,9.449572,107.74467
"559",2020-05-03 06:00:00,9.9571085,102.52881
"560",2020-05-03 07:00:00,10.182337,98.1301
"561",2020-05-03 08:00:00,14.494192,104.381386
"562",2020-05-03 09:00:00,15.978486,104.34933
"563",2020-05-03 10:00:00,16.071491,105.59281
"564",2020-05-03 11:00:00,17.309973,106.92751
"565",2020-05-03 12:00:00,16.279802,108.03428
"566",2020-05-03 13:00:00,16.279802,108.03428
"567",2020-05-03 14:00:00,16.862455,106.11341
"568",2020-05-03 15:00:00,18.161278,103.76078
"569",2020-05-03 16:00:00,19.13426,101.94417
"570",2020-05-03 17:00:00,19.770523,100.49147
"571",2020-05-03 18:00:00,20.008356,98.27589
"572",2020-05-03 19:00:00,19.602652,97.38604
"573",2020-05-03 20:00:00,18.64369,100.00798
"574",2020-05-03 21:00:00,18.0036,101.534615
"575",2020-05-03 22:00:00,16.263872,95.079605
"576",2020-05-03 23:00:00,15.4800005,89.99999
"577",2020-05-05 00:00:00,14.471821,84.289406
"578",2020-05-05 01:00:00,12.261158,86.63353
"579",2020-05-05 02:00:00,12.959999,89.99999
"580",2020-05-05 03:00:00,13.339445,93.094055
"581",2020-05-05 04:00:00,13.493999,99.21102
"582",2020-05-05 05:00:00,11.966953,96.911224
"583",2020-05-05 06:00:00,10.805999,91.90914
"584",2020-05-05 07:00:00,10.853866,84.289406
"585",2020-05-05 08:00:00,14.04,89.99999
"586",2020-05-05 09:00:00,19.201874,96.45882
"587",2020-05-05 10:00:00,20.696085,103.06931
"588",2020-05-05 11:00:00,22.35481,104.93142
"589",2020-05-05 12:00:00,23.587555,105.9454
"590",2020-05-05 13:00:00,24.94413,110.26569
"591",2020-05-05 14:00:00,24.490585,114.30454
"592",2020-05-05 15:00:00,24.821732,109.48613
"593",2020-05-05 16:00:00,24.033876,106.534836
"594",2020-05-05 17:00:00,23.510508,101.48199
"595",2020-05-05 18:00:00,23.441502,100.61965
"596",2020-05-05 19:00:00,21.749481,102.42594
"597",2020-05-05 20:00:00,21.434364,97.721825
"598",2020-05-05 21:00:00,18.089775,95.71059
"599",2020-05-05 22:00:00,15.517629,86.00909
"600",2020-05-05 23:00:00,13.698934,86.98721
"601",2020-05-06 00:00:00,12.599999,89.99999
"602",2020-05-06 01:00:00,11.159999,89.99999
"603",2020-05-06 02:00:00,11.183201,86.30861
"604",2020-05-06 03:00:00,11.966953,83.08877
"605",2020-05-06 04:00:00,12.261158,86.63353
"606",2020-05-06 05:00:00,11.525623,88.21008
"607",2020-05-06 06:00:00,10.853866,84.289406
"608",2020-05-06 07:00:00,10.823973,86.18592
"609",2020-05-06 08:00:00,11.27553,73.30075
"610",2020-05-06 09:00:00,16.215992,87.45519
"611",2020-05-06 10:00:00,17.294992,92.38594
"612",2020-05-06 11:00:00,18.374111,92.245735
"613",2020-05-06 12:00:00,19.45333,92.12109
"614",2020-05-06 13:00:00,19.852295,94.15964
"615",2020-05-06 14:00:00,18.161278,103.76078
"616",2020-05-06 15:00:00,18.228943,99.09027
"617",2020-05-06 16:00:00,18.175545,97.96961
"618",2020-05-06 17:00:00,13.797912,97.49586
"619",2020-05-06 18:00:00,14.332341,101.59217
"620",2020-05-06 19:00:00,14.081478,85.60129
"621",2020-05-06 20:00:00,22.930048,112.13549
"622",2020-05-06 21:00:00,20.5484,86.98721
"623",2020-05-06 22:00:00,18.043148,61.38954
"624",2020-05-06 23:00:00,18.671474,56.00354
"625",2020-05-07 00:00:00,18.668005,50.47737
"626",2020-05-07 01:00:00,16.375053,56.659294
"627",2020-05-07 02:00:00,15.034041,73.30075
"628",2020-05-07 03:00:00,14.408997,77.00538
"629",2020-05-07 04:00:00,13.358861,75.96376
"630",2020-05-07 05:00:00,15.111424,77.61923
"631",2020-05-07 06:00:00,12.768586,68.49856
"632",2020-05-07 07:00:00,11.304229,52.76516
"633",2020-05-07 08:00:00,13.479583,34.114456
"634",2020-05-07 09:00:00,14.291592,40.914368
"635",2020-05-07 10:00:00,19.523155,67.2176
"636",2020-05-07 11:00:00,19.721298,68.58703
"637",2020-05-07 12:00:00,21.575987,64.29004
"638",2020-05-07 13:00:00,23.068108,67.036224
"639",2020-05-07 14:00:00,24.627787,74.74488
"640",2020-05-07 15:00:00,24.280659,74.52137
"641",2020-05-07 16:00:00,22.89611,73.559616
"642",2020-05-07 17:00:00,21.175835,72.18111
"643",2020-05-07 18:00:00,21.175835,72.18111
"644",2020-05-07 19:00:00,21.194187,69.102234
"645",2020-05-07 20:00:00,21.09305,62.56028
"646",2020-05-07 21:00:00,21.659918,74.577835
"647",2020-05-07 22:00:00,20.431387,75.718895
"648",2020-05-07 23:00:00,19.242327,72.58202
"649",2020-05-08 00:00:00,16.73516,71.175285
"650",2020-05-08 01:00:00,16.279802,71.965706
"651",2020-05-08 02:00:00,16.62249,72.34988
"652",2020-05-08 03:00:00,16.055353,70.346176
"653",2020-05-08 04:00:00,14.48972,63.43495
"654",2020-05-08 05:00:00,13.684735,54.637527
"655",2020-05-08 06:00:00,13.18308,55.007973
"656",2020-05-08 07:00:00,12.181624,55.840294
"657",2020-05-08 08:00:00,12.7279215,44.999985
"658",2020-05-08 09:00:00,18.782204,77.828545
"659",2020-05-08 10:00:00,21.26744,87.08916
"660",2020-05-08 11:00:00,21.96295,89.06081
"661",2020-05-08 12:00:00,20.16,89.99999
"662",2020-05-08 13:00:00,20.188908,93.06648
"663",2020-05-08 14:00:00,20.172853,92.0454
"664",2020-05-08 15:00:00,19.829433,93.12212
"665",2020-05-08 16:00:00,20.240196,95.10216
"666",2020-05-08 17:00:00,19.770523,100.49147
"667",2020-05-08 18:00:00,19.13426,101.94417
"668",2020-05-08 19:00:00,18.861387,103.240524
"669",2020-05-08 20:00:00,17.873556,99.2726
"670",2020-05-08 21:00:00,16.808569,99.86581
"671",2020-05-08 22:00:00,14.417988,92.862404
"672",2020-05-08 23:00:00,12.599999,89.99999
"673",2020-05-09 00:00:00,10.440001,89.99999
"674",2020-05-09 01:00:00,10.446206,88.02507
"675",2020-05-09 02:00:00,11.542478,86.42367
"676",2020-05-09 03:00:00,13.138765,80.537674
"677",2020-05-09 04:00:00,14.84318,75.96376
"678",2020-05-09 05:00:00,15.978486,75.650665
"679",2020-05-09 06:00:00,17.811815,75.96376
"680",2020-05-09 07:00:00,17.373497,84.05313
"681",2020-05-09 08:00:00,19.08,89.99999
"682",2020-05-09 09:00:00,20.478907,100.124664
"683",2020-05-09 10:00:00,19.35314,99.637535
"684",2020-05-09 11:00:00,17.462784,98.29714
"685",2020-05-09 12:00:00,17.373497,95.94686
"686",2020-05-09 13:00:00,17.313717,93.576324
"687",2020-05-09 14:00:00,18.057508,94.57392
"688",2020-05-09 15:00:00,18.94024,98.74616
"689",2020-05-09 16:00:00,18.861387,103.240524
"690",2020-05-09 17:00:00,18,106.2602
"691",2020-05-09 18:00:00,13.358861,104.03624
"692",2020-05-09 19:00:00,11.27553,106.69924
"693",2020-05-09 20:00:00,20.65848,112.54305
"694",2020-05-09 21:00:00,21.868332,110.22485
"695",2020-05-09 22:00:00,15.575981,123.69006
"696",2020-05-09 23:00:00,17.713316,127.56859
"697",2020-05-10 00:00:00,11.923557,118.88658
"698",2020-05-10 01:00:00,8.089993,110.854454
"699",2020-05-10 02:00:00,10.009036,127.69424
"700",2020-05-10 03:00:00,11.480557,131.18591
"701",2020-05-10 04:00:00,7.653705,131.18591
"702",2020-05-10 05:00:00,6.12,151.9275
"703",2020-05-10 06:00:00,4.452954,165.96376
"704",2020-05-10 07:00:00,1.8,180
"705",2020-05-10 08:00:00,6.9247384,297.89728
"706",2020-05-10 09:00:00,3.319036,282.5288
"707",2020-05-10 10:00:00,3.671294,11.309921
"708",2020-05-10 11:00:00,4.896529,107.10272
"709",2020-05-10 12:00:00,6.87779,96.009
"710",2020-05-10 13:00:00,7.2,89.99999
"711",2020-05-10 14:00:00,5.506941,101.30993
"712",2020-05-10 15:00:00,6.9899354,101.88866
"713",2020-05-10 16:00:00,7.9526596,95.19443
"714",2020-05-10 17:00:00,9,89.99999
"715",2020-05-10 18:00:00,9.726665,87.8789
"716",2020-05-10 19:00:00,9,73.73979
"717",2020-05-10 20:00:00,17.208603,322.65067
"718",2020-05-10 21:00:00,12.7279215,331.26022
"719",2020-05-10 22:00:00,14.007655,334.0935
"720",2020-05-10 23:00:00,14.386494,328.29858
"721",2020-05-11 00:00:00,13.783817,319.2364
"722",2020-05-11 01:00:00,15.021105,314.029
"723",2020-05-11 02:00:00,15.782622,315
"724",2020-05-11 03:00:00,16.08761,319.53778
"725",2020-05-11 04:00:00,15.484185,324.46234
"726",2020-05-11 05:00:00,15.496736,329.26453
"727",2020-05-11 06:00:00,15.137133,334.65384
"728",2020-05-11 07:00:00,13.53236,331.38956
"729",2020-05-11 08:00:00,9.220499,321.3402
"730",2020-05-11 09:00:00,9.511088,330.5241
"731",2020-05-11 10:00:00,10.805998,330.01837
"732",2020-05-11 11:00:00,12.594856,329.03625
"733",2020-05-11 12:00:00,12.7279215,331.26022
"734",2020-05-11 13:00:00,14.182355,336.0375
"735",2020-05-11 14:00:00,14.145756,345.25644
"736",2020-05-11 15:00:00,16.215992,357.4552
"737",2020-05-11 16:00:00,19.201874,6.4588013
"738",2020-05-11 17:00:00,20.275385,16.504364
"739",2020-05-11 18:00:00,18.678415,27.552795
"740",2020-05-11 19:00:00,19.406637,40.485992
"741",2020-05-11 20:00:00,20.188908,58.861015
"742",2020-05-11 21:00:00,20.380579,72.525215
"743",2020-05-11 22:00:00,20.326454,67.067894
"744",2020-05-11 23:00:00,19.083395,54.21102
"745",2020-05-12 00:00:00,17.072504,42.436203
"746",2020-05-12 01:00:00,16.78156,35.39479
"747",2020-05-12 02:00:00,15.315873,29.577835
"748",2020-05-12 03:00:00,14.658676,24.676865
"749",2020-05-12 04:00:00,12.979984,19.440033
"750",2020-05-12 05:00:00,12.496719,11.633621
"751",2020-05-12 06:00:00,13.138765,9.462311
"752",2020-05-12 07:00:00,12.324414,6.7098236
"753",2020-05-12 08:00:00,12.7279215,8.130096
"754",2020-05-12 09:00:00,12.015589,8.615646
"755",2020-05-12 10:00:00,11.043261,19.025604
"756",2020-05-12 11:00:00,10.44,46.397186
"757",2020-05-12 12:00:00,10.137692,73.495636
"758",2020-05-12 13:00:00,12.964998,88.40886
"759",2020-05-12 14:00:00,14.77755,92.7927
"760",2020-05-12 15:00:00,15.4800005,89.99999
"761",2020-05-12 16:00:00,15.876775,86.0995
"762",2020-05-12 17:00:00,16.595179,86.26859
"763",2020-05-12 18:00:00,17.643673,88.83086
"764",2020-05-12 19:00:00,18.359999,89.99999
"765",2020-05-12 20:00:00,17.654688,92.33731
"766",2020-05-12 21:00:00,15.941944,96.48307
"767",2020-05-12 22:00:00,14.081478,94.398705
"768",2020-05-12 23:00:00,12.599999,89.99999
