"","timestamp","Armadillo.de.los.Infante.Wind.Speed..80.m.","Armadillo.de.los.Infante.Wind.Direction..80.m."
"1",2020-04-14 00:00:00,12.413476,106.8584
"2",2020-04-14 01:00:00,9.346143,105.64224
"3",2020-04-14 02:00:00,6.638072,102.52881
"4",2020-04-14 03:00:00,4.73506,98.74616
"5",2020-04-14 04:00:00,2.6208394,105.9454
"6",2020-04-14 05:00:00,0.35999998,89.99999
"7",2020-04-14 06:00:00,1.8,270
"8",2020-04-14 07:00:00,5.04,270
"9",2020-04-14 08:00:00,6.638072,282.5288
"10",2020-04-14 09:00:00,6.489992,289.44003
"11",2020-04-14 10:00:00,4.0249224,296.56506
"12",2020-04-14 11:00:00,1.8,323.13013
"13",2020-04-14 12:00:00,0.35999998,180
"14",2020-04-14 13:00:00,3.6179552,174.28941
"15",2020-04-14 14:00:00,7.92,180
"16",2020-04-14 15:00:00,10.538843,172.14668
"17",2020-04-14 16:00:00,12.57426,156.37062
"18",2020-04-14 17:00:00,19.008545,127.30394
"19",2020-04-14 18:00:00,30.599998,115.05762
"20",2020-04-14 19:00:00,40.57952,111.32946
"21",2020-04-14 20:00:00,29.714724,109.09349
"22",2020-04-14 21:00:00,27.416782,103.6713
"23",2020-04-14 22:00:00,22.553936,98.25943
"24",2020-04-14 23:00:00,17.81909,98.1301
"25",2020-04-15 00:00:00,14.471821,95.71059
"26",2020-04-15 01:00:00,13.363711,94.63546
"27",2020-04-15 02:00:00,13.397612,96.17017
"28",2020-04-15 03:00:00,14.154915,97.305756
"29",2020-04-15 04:00:00,13.556282,100.71312
"30",2020-04-15 05:00:00,13.358861,104.03624
"31",2020-04-15 06:00:00,12.522619,108.434944
"32",2020-04-15 07:00:00,13.049689,114.44395
"33",2020-04-15 08:00:00,11.113451,114.90476
"34",2020-04-15 09:00:00,11.298495,120.650665
"35",2020-04-15 10:00:00,13.479583,124.11447
"36",2020-04-15 11:00:00,15.277749,124.43899
"37",2020-04-15 12:00:00,16.055355,132.27368
"38",2020-04-15 13:00:00,17.057314,135.8551
"39",2020-04-15 14:00:00,18.35647,131.82016
"40",2020-04-15 15:00:00,22.077717,114.05734
"41",2020-04-15 16:00:00,23.749088,104.03624
"42",2020-04-15 17:00:00,24.149532,100.30484
"43",2020-04-15 18:00:00,20.545246,101.11304
"44",2020-04-15 19:00:00,21.485697,98.67317
"45",2020-04-15 20:00:00,23.277834,121.7236
"46",2020-04-15 21:00:00,20.037485,107.78389
"47",2020-04-15 22:00:00,15.463244,102.09476
"48",2020-04-15 23:00:00,12.7279215,98.1301
"49",2020-04-16 00:00:00,9.3669195,92.2026
"50",2020-04-16 01:00:00,9.3876505,94.398705
"51",2020-04-16 02:00:00,9.028754,94.57392
"52",2020-04-16 03:00:00,8.707238,97.125015
"53",2020-04-16 04:00:00,7.69592,100.784294
"54",2020-04-16 05:00:00,7.172949,107.52557
"55",2020-04-16 06:00:00,7.0911775,113.96249
"56",2020-04-16 07:00:00,6.489992,123.69006
"57",2020-04-16 08:00:00,6.6087217,119.35774
"58",2020-04-16 09:00:00,7.653705,131.18591
"59",2020-04-16 10:00:00,9.726664,128.991
"60",2020-04-16 11:00:00,11.609651,119.74488
"61",2020-04-16 12:00:00,12.57426,113.62937
"62",2020-04-16 13:00:00,13.854155,114.56717
"63",2020-04-16 14:00:00,12.24,118.07248
"64",2020-04-16 15:00:00,14.24163,110.725555
"65",2020-04-16 16:00:00,19.386591,105.06849
"66",2020-04-16 17:00:00,23.675303,98.74616
"67",2020-04-16 18:00:00,22.42427,95.52754
"68",2020-04-16 19:00:00,22.065973,95.61758
"69",2020-04-16 20:00:00,21.868332,110.22485
"70",2020-04-16 21:00:00,16.055353,109.653824
"71",2020-04-16 22:00:00,13.1041975,105.9454
"72",2020-04-16 23:00:00,11.792404,102.33909
"73",2020-04-17 00:00:00,9.885262,100.49147
"74",2020-04-17 01:00:00,7.9932976,97.76516
"75",2020-04-17 02:00:00,6.130579,93.366455
"76",2020-04-17 03:00:00,4.3349743,94.76365
"77",2020-04-17 04:00:00,2.9024127,97.125015
"78",2020-04-17 05:00:00,1.0182338,135
"79",2020-04-17 06:00:00,1.5273507,225
"80",2020-04-17 07:00:00,3.2399998,270
"81",2020-04-17 08:00:00,6.6087217,299.35776
"82",2020-04-17 09:00:00,6.0347,287.35403
"83",2020-04-17 10:00:00,5.937272,284.03625
"84",2020-04-17 11:00:00,5.3517847,289.6538
"85",2020-04-17 12:00:00,5.991594,302.73523
"86",2020-04-17 13:00:00,6.1305785,310.23636
"87",2020-04-17 14:00:00,5.1165614,309.2894
"88",2020-04-17 15:00:00,2.0991426,300.96378
"89",2020-04-17 16:00:00,0.8049845,243.43495
"90",2020-04-17 17:00:00,1.609969,153.43495
"91",2020-04-17 18:00:00,4.6800003,112.61986
"92",2020-04-17 19:00:00,17.518356,99.46232
"93",2020-04-17 20:00:00,19.191748,113.19859
"94",2020-04-17 21:00:00,24.819122,113.96249
"95",2020-04-17 22:00:00,24.633049,116.93952
"96",2020-04-17 23:00:00,20.94507,118.76764
"97",2020-04-18 00:00:00,17.10284,120.34325
"98",2020-04-18 01:00:00,14.654254,117.8241
"99",2020-04-18 02:00:00,11.503113,110.1363
"100",2020-04-18 03:00:00,9.255571,103.49573
"101",2020-04-18 04:00:00,6.924738,98.97262
"102",2020-04-18 05:00:00,6.2145634,100.00798
"103",2020-04-18 06:00:00,6.0347,107.35402
"104",2020-04-18 07:00:00,5.815978,111.80141
"105",2020-04-18 08:00:00,2.5455842,135
"106",2020-04-18 09:00:00,1.0182338,135
"107",2020-04-18 10:00:00,2.6208394,105.9454
"108",2020-04-18 11:00:00,5.6920996,108.434944
"109",2020-04-18 12:00:00,6.0347,107.35402
"110",2020-04-18 13:00:00,5.5887027,104.93142
"111",2020-04-18 14:00:00,5.315336,118.30075
"112",2020-04-18 15:00:00,6.193674,125.537674
"113",2020-04-18 16:00:00,6.638072,139.3987
"114",2020-04-18 17:00:00,7.928177,140.52754
"115",2020-04-18 18:00:00,12.287555,121.82744
"116",2020-04-18 19:00:00,19.523155,112.782394
"117",2020-04-18 20:00:00,13.979872,124.508514
"118",2020-04-18 21:00:00,16.610792,119.898895
"119",2020-04-18 22:00:00,17.399586,114.44395
"120",2020-04-18 23:00:00,15.778518,117.14967
"121",2020-04-19 00:00:00,13.584932,122.00538
"122",2020-04-19 01:00:00,11.480557,131.18591
"123",2020-04-19 02:00:00,7.9036193,149.93141
"124",2020-04-19 03:00:00,4.2136917,199.98311
"125",2020-04-19 04:00:00,5.4119864,266.1859
"126",2020-04-19 05:00:00,8.707238,277.125
"127",2020-04-19 06:00:00,10.239453,280.1247
"128",2020-04-19 07:00:00,11.792404,282.33908
"129",2020-04-19 08:00:00,10.538843,277.85333
"130",2020-04-19 09:00:00,8.905908,284.03625
"131",2020-04-19 10:00:00,11.659777,278.88065
"132",2020-04-19 11:00:00,15.4800005,270
"133",2020-04-19 12:00:00,19.245697,262.4762
"134",2020-04-19 13:00:00,21.046917,257.15228
"135",2020-04-19 14:00:00,21.479666,256.42957
"136",2020-04-19 15:00:00,20.774214,261.02737
"137",2020-04-19 16:00:00,20.674158,262.99872
"138",2020-04-19 17:00:00,19.493261,265.7636
"139",2020-04-19 18:00:00,17.643673,268.83087
"140",2020-04-19 19:00:00,14.4,270
"141",2020-04-19 20:00:00,11.966953,263.08878
"142",2020-04-19 21:00:00,7.653705,228.81409
"143",2020-04-19 22:00:00,6.9899354,168.11134
"144",2020-04-19 23:00:00,11.246759,140.19443
"145",2020-04-20 00:00:00,13.783817,130.76361
"146",2020-04-20 01:00:00,13.513193,131.7603
"147",2020-04-20 02:00:00,13.854155,114.56717
"148",2020-04-20 03:00:00,12.783802,122.34744
"149",2020-04-20 04:00:00,9.693296,148.67131
"150",2020-04-20 05:00:00,7.5942073,174.55966
"151",2020-04-20 06:00:00,4.802999,192.99461
"152",2020-04-20 07:00:00,3.0547013,225
"153",2020-04-20 08:00:00,3.6,233.1301
"154",2020-04-20 09:00:00,3.2399998,270
"155",2020-04-20 10:00:00,1.8,270
"156",2020-04-20 11:00:00,1.0182338,315
"157",2020-04-20 12:00:00,1.1384199,341.56506
"158",2020-04-20 13:00:00,0.35999998,360
"159",2020-04-20 14:00:00,1.2979984,236.30994
"160",2020-04-20 15:00:00,1.4399999,180
"161",2020-04-20 16:00:00,1.8,143.1301
"162",2020-04-20 17:00:00,5.2416787,105.9454
"163",2020-04-20 18:00:00,11.013882,101.30993
"164",2020-04-20 19:00:00,22.881956,102.72436
"165",2020-04-20 20:00:00,17.902534,105.15406
"166",2020-04-20 21:00:00,24.735432,111.33685
"167",2020-04-20 22:00:00,25.277025,116.2001
"168",2020-04-20 23:00:00,23.03156,114.96278
"169",2020-04-21 00:00:00,15.7908325,114.22774
"170",2020-04-21 01:00:00,11.503113,110.1363
"171",2020-04-21 02:00:00,9,106.2602
"172",2020-04-21 03:00:00,7.072878,104.74355
"173",2020-04-21 04:00:00,5.506941,101.30993
"174",2020-04-21 05:00:00,4.802999,102.99461
"175",2020-04-21 06:00:00,4.452954,104.03624
"176",2020-04-21 07:00:00,3.7585104,106.69924
"177",2020-04-21 08:00:00,2.4149535,116.56505
"178",2020-04-21 09:00:00,2.0364676,135
"179",2020-04-21 10:00:00,0.35999998,180
"180",2020-04-21 11:00:00,2.8799999,89.99999
"181",2020-04-21 12:00:00,6.924738,98.97262
"182",2020-04-21 13:00:00,10.587917,107.818886
"183",2020-04-21 14:00:00,12.864649,107.92791
"184",2020-04-21 15:00:00,15.379206,106.31385
"185",2020-04-21 16:00:00,18,106.2602
"186",2020-04-21 17:00:00,22.79684,105.57254
"187",2020-04-21 18:00:00,26.415268,107.44718
"188",2020-04-21 19:00:00,32.343952,106.8214
"189",2020-04-21 20:00:00,36.345737,106.101295
"190",2020-04-21 21:00:00,23.933908,105.708626
"191",2020-04-21 22:00:00,19.48661,101.725105
"192",2020-04-21 23:00:00,16.24394,102.80426
"193",2020-04-20 00:00:00,14.512064,133.9949
"194",2020-04-20 01:00:00,12.984975,133.8767
"195",2020-04-20 02:00:00,9.957108,139.39871
"196",2020-04-20 03:00:00,7.653705,138.81407
"197",2020-04-20 04:00:00,5.495161,148.3925
"198",2020-04-20 05:00:00,4.379589,189.46233
"199",2020-04-20 06:00:00,4.6938257,237.52881
"201",2020-04-20 08:00:00,2.968636,255.96376
"203",2020-04-20 10:00:00,1.484318,284.03625
"204",2020-04-20 11:00:00,0.8049845,333.43497
"205",2020-04-20 12:00:00,0.71999997,360
"206",2020-04-20 13:00:00,1.4399999,360
"207",2020-04-20 14:00:00,1.2979984,326.30994
"208",2020-04-20 15:00:00,0.8049845,296.56506
"209",2020-04-20 16:00:00,0.71999997,360
"210",2020-04-20 17:00:00,4.0249224,79.695145
"211",2020-04-20 18:00:00,10.105681,94.08562
"212",2020-04-20 19:00:00,22.734219,100.954056
"213",2020-04-20 20:00:00,38.175278,105.87117
"214",2020-04-20 21:00:00,36.834526,111.80141
"215",2020-04-20 22:00:00,24.014996,113.875275
"216",2020-04-20 23:00:00,16.45007,113.19859
"217",2020-04-21 00:00:00,11.043261,109.025604
"218",2020-04-21 01:00:00,7.342588,101.30993
"219",2020-04-21 02:00:00,4.3349743,85.23635
"220",2020-04-21 03:00:00,3.096837,54.46232
"221",2020-04-21 04:00:00,2.2768397,18.434952
"222",2020-04-21 05:00:00,2.5455842,351.8699
"223",2020-04-21 06:00:00,2.5959969,326.30994
"225",2020-04-21 08:00:00,2.8799999,270
"226",2020-04-21 09:00:00,1.8,270
"227",2020-04-21 10:00:00,1.609969,153.43495
"228",2020-04-21 11:00:00,3.5455887,113.96249
"229",2020-04-21 12:00:00,6.6185193,112.380135
"230",2020-04-21 13:00:00,10.495713,112.16634
"231",2020-04-21 14:00:00,12.245293,114.30454
"232",2020-04-21 15:00:00,13.905509,111.2505
"233",2020-04-21 16:00:00,16.645864,111.571304
"234",2020-04-21 17:00:00,21.288757,108.74134
"235",2020-04-21 18:00:00,25.161398,109.21267
"236",2020-04-21 19:00:00,31.421213,108.01977
"237",2020-04-21 20:00:00,25.620771,109.70798
"238",2020-04-21 21:00:00,20.49156,108.434944
"239",2020-04-21 22:00:00,17.208603,105.78075
"240",2020-04-21 23:00:00,14.84318,104.03624
"241",2020-04-22 00:00:00,12.9249525,102.87499
"242",2020-04-22 01:00:00,10.182337,98.1301
"243",2020-04-22 02:00:00,7.92,89.99999
"244",2020-04-22 03:00:00,6.8399997,89.99999
"245",2020-04-22 04:00:00,5.0528407,94.08562
"246",2020-04-22 05:00:00,4.2136917,109.9831
"247",2020-04-22 06:00:00,3.319036,139.3987
"248",2020-04-22 07:00:00,2.8799999,180
"249",2020-04-22 08:00:00,3.8939953,213.69006
"250",2020-04-22 09:00:00,5.1165614,230.7106
"251",2020-04-22 10:00:00,5.991594,237.26477
"252",2020-04-22 11:00:00,7.968939,251.56506
"253",2020-04-22 12:00:00,9.422101,263.41806
"254",2020-04-22 13:00:00,10.086427,272.0454
"255",2020-04-22 14:00:00,9.885262,280.4915
"256",2020-04-22 15:00:00,9.826088,278.42697
"257",2020-04-22 16:00:00,10.1376915,276.1155
"258",2020-04-22 17:00:00,10.086427,272.0454
"259",2020-04-22 18:00:00,9,270
"260",2020-04-22 19:00:00,4.802999,257.00537
"261",2020-04-22 20:00:00,22.033648,265.31412
"262",2020-04-22 21:00:00,21.746504,263.34558
"263",2020-04-22 22:00:00,23.803596,266.53177
"264",2020-04-22 23:00:00,25.2924,274.8991
"265",2020-04-23 00:00:00,27.181787,281.45874
"266",2020-04-23 01:00:00,31.170673,284.03625
"267",2020-04-23 02:00:00,32.305862,284.1911
"268",2020-04-23 03:00:00,29.871325,282.5288
"269",2020-04-23 04:00:00,25.455843,278.1301
"270",2020-04-23 05:00:00,21.707731,275.7106
"271",2020-04-23 06:00:00,18.888851,277.6668
"272",2020-04-23 07:00:00,18.175545,277.9696
"273",2020-04-23 08:00:00,15.986595,277.76517
"274",2020-04-23 09:00:00,13.339445,266.90594
"275",2020-04-23 10:00:00,17.873554,288.7999
"276",2020-04-23 11:00:00,18.58451,301.5348
"277",2020-04-23 12:00:00,16.78156,305.3948
"278",2020-04-23 13:00:00,13.979872,304.50854
"279",2020-04-23 14:00:00,12.10157,300.37915
"280",2020-04-23 15:00:00,11.770403,293.4287
"281",2020-04-23 16:00:00,11.503113,290.1363
"282",2020-04-23 17:00:00,10.829958,291.44775
"283",2020-04-23 18:00:00,8.699793,294.44397
"284",2020-04-23 19:00:00,5.4833565,336.8014
"285",2020-04-23 20:00:00,11.165805,339.22775
"286",2020-04-23 21:00:00,7.42159,50.906143
"287",2020-04-23 22:00:00,15.192682,103.70696
"288",2020-04-23 23:00:00,24.48,118.07248
"289",2020-04-24 00:00:00,27.757378,123.896164
"290",2020-04-24 01:00:00,21.599998,126.869896
"291",2020-04-24 02:00:00,12.979984,123.69006
"292",2020-04-24 03:00:00,10.685391,122.61925
"293",2020-04-24 04:00:00,7.9932966,125.83765
"294",2020-04-24 05:00:00,6.193674,125.537674
"295",2020-04-24 06:00:00,4.6102495,128.6598
"296",2020-04-24 07:00:00,3.563818,135
"297",2020-04-24 08:00:00,4.452954,165.96376
"298",2020-04-24 09:00:00,3.6,180
"299",2020-04-24 10:00:00,3.6179552,174.28941
"300",2020-04-24 11:00:00,4.0249224,153.43495
"301",2020-04-24 12:00:00,4.8433046,131.98721
"302",2020-04-24 13:00:00,5.154415,114.77514
"303",2020-04-24 14:00:00,4.452954,104.03624
"304",2020-04-24 15:00:00,4.3349743,94.76365
"305",2020-04-24 16:00:00,4.0249224,100.30484
"306",2020-04-24 17:00:00,7.2805495,98.53076
"307",2020-04-24 18:00:00,15.188415,95.44032
"308",2020-04-24 19:00:00,28.357857,98.02724
"309",2020-04-24 20:00:00,31.559088,101.18175
"310",2020-04-24 21:00:00,33.47032,108.82471
"311",2020-04-24 22:00:00,27.475807,111.5226
"312",2020-04-24 23:00:00,20.037485,107.78389
"313",2020-04-25 00:00:00,13.039754,96.34019
"314",2020-04-25 01:00:00,9.114471,80.90972
"315",2020-04-25 02:00:00,6.439876,63.43495
"316",2020-04-25 03:00:00,4.8433046,41.987198
"317",2020-04-25 04:00:00,4.452954,14.03624
"318",2020-04-25 05:00:00,5.04,360
"319",2020-04-25 06:00:00,6.162207,353.29016
"320",2020-04-25 07:00:00,6.638072,347.4712
"321",2020-04-25 08:00:00,0.71999997,270
"322",2020-04-25 09:00:00,0.35999998,270
"323",2020-04-25 10:00:00,2.3051248,128.6598
"324",2020-04-25 11:00:00,6.193674,125.537674
"325",2020-04-25 12:00:00,8.78872,124.99202
"326",2020-04-25 13:00:00,11.113451,114.90476
"327",2020-04-25 14:00:00,13.32,108.92464
"328",2020-04-25 15:00:00,18,106.2602
"329",2020-04-25 16:00:00,21.41319,106.60698
"330",2020-04-25 17:00:00,26.807312,104.78272
"331",2020-04-25 18:00:00,34.322937,102.72435
"332",2020-04-25 19:00:00,42.376144,99.7824
"333",2020-04-25 20:00:00,50.06072,102.0372
"334",2020-04-25 21:00:00,52.51683,106.323044
"335",2020-04-25 22:00:00,34.66858,105.04639
"336",2020-04-25 23:00:00,24.933735,94.96974
"337",2020-04-26 00:00:00,9.904906,70.90651
"338",2020-04-26 01:00:00,10.1887,57.994614
"339",2020-04-26 02:00:00,10.931203,72.75854
"340",2020-04-26 03:00:00,10.948973,80.537674
"341",2020-04-26 04:00:00,9.422101,83.41805
"342",2020-04-26 05:00:00,9.3669195,87.7974
"343",2020-04-26 06:00:00,9.028754,85.42608
"344",2020-04-26 07:00:00,9.605998,77.00538
"345",2020-04-26 08:00:00,10.636766,113.96249
"346",2020-04-26 09:00:00,11.440978,102.72436
"347",2020-04-26 10:00:00,16.676977,103.73626
"348",2020-04-26 11:00:00,16.946787,102.26477
"349",2020-04-26 12:00:00,21.046917,102.8477
"350",2020-04-26 13:00:00,26.983194,103.1092
"351",2020-04-26 14:00:00,31.259941,104.67639
"352",2020-04-26 15:00:00,35.309372,106.58733
"353",2020-04-26 16:00:00,36.324337,109.69202
"354",2020-04-26 17:00:00,35.364388,112.12633
"355",2020-04-26 18:00:00,31.154043,112.416145
"356",2020-04-26 19:00:00,28.185953,114.928474
"357",2020-04-26 20:00:00,35.757988,106.975494
"358",2020-04-26 21:00:00,34.763775,105.619385
"359",2020-04-26 22:00:00,26.200977,102.699585
"360",2020-04-26 23:00:00,19.770523,100.49147
"361",2020-04-27 00:00:00,14.799459,94.18491
"362",2020-04-27 01:00:00,12.24,89.99999
"363",2020-04-27 02:00:00,10.086427,87.95459
"364",2020-04-27 03:00:00,8.12197,77.19573
"365",2020-04-27 04:00:00,6.151683,69.443954
"366",2020-04-27 05:00:00,5.154415,65.224846
"367",2020-04-27 06:00:00,4.6102495,51.34018
"368",2020-04-27 07:00:00,4.6102495,51.34018
"369",2020-04-27 08:00:00,4.1046314,52.125
"370",2020-04-27 09:00:00,4.1046314,74.74488
"371",2020-04-27 10:00:00,5.506941,101.30993
"372",2020-04-27 11:00:00,8.225035,113.19859
"373",2020-04-27 12:00:00,9.449572,107.74467
"374",2020-04-27 13:00:00,12.074766,100.30484
"375",2020-04-27 14:00:00,13.493999,99.21102
"376",2020-04-27 15:00:00,18.998314,99.8193
"377",2020-04-27 16:00:00,22.380884,101.12919
"378",2020-04-27 17:00:00,21.749481,102.42594
"379",2020-04-27 18:00:00,23.023119,99.904175
"380",2020-04-27 19:00:00,26.882141,97.696045
"381",2020-04-27 20:00:00,30.453527,96.78896
"382",2020-04-27 21:00:00,26.478973,97.0284
"383",2020-04-27 22:00:00,18.532133,97.815285
"384",2020-04-27 23:00:00,15.328561,99.46232
"385",2020-04-26 00:00:00,26.260265,123.254364
"386",2020-04-26 01:00:00,19.66536,113.7495
"387",2020-04-26 02:00:00,14.145756,104.74355
"388",2020-04-26 03:00:00,10.239453,100.124664
"389",2020-04-26 04:00:00,7.2359104,95.71059
"390",2020-04-26 05:00:00,5.771239,86.42367
"391",2020-04-26 06:00:00,5.315336,61.699234
"393",2020-04-26 08:00:00,9.9571085,77.47118
"394",2020-04-26 09:00:00,10.948973,80.537674
"395",2020-04-26 10:00:00,11.570515,84.64417
"396",2020-04-26 11:00:00,13.684735,91.50743
"397",2020-04-26 12:00:00,14.799459,94.18491
"398",2020-04-26 13:00:00,17.462784,98.29714
"399",2020-04-26 14:00:00,18.782204,102.17145
"400",2020-04-26 15:00:00,22.26477,104.03624
"401",2020-04-26 16:00:00,27.504095,104.40002
"402",2020-04-26 17:00:00,31.89608,106.38954
"403",2020-04-26 18:00:00,35.52162,107.700424
"404",2020-04-26 19:00:00,39.39986,109.75946
"417",2020-04-27 08:00:00,9.387651,147.52881
"418",2020-04-27 09:00:00,7.7879906,146.30994
"419",2020-04-27 10:00:00,8.161764,138.57634
"420",2020-04-27 11:00:00,10.514218,128.04704
"421",2020-04-27 12:00:00,14.021525,119.19748
"422",2020-04-27 13:00:00,19.66536,113.7495
"423",2020-04-27 14:00:00,22.127556,111.97451
"424",2020-04-27 15:00:00,22.66857,110.44955
"425",2020-04-27 16:00:00,20.188908,111.99113
"427",2020-04-27 18:00:00,26.525429,97.800186
"428",2020-04-27 19:00:00,29.533169,99.11786
"429",2020-04-27 20:00:00,30.599998,118.07248
"430",2020-04-27 21:00:00,17.25373,113.35556
"431",2020-04-27 22:00:00,11.928989,95.19443
"432",2020-04-27 23:00:00,9.605998,102.99461
"433",2020-04-28 00:00:00,8.557102,104.620865
"434",2020-04-28 01:00:00,9.227524,110.556046
"435",2020-04-28 02:00:00,7.754637,111.80141
"436",2020-04-28 03:00:00,6.6185193,112.380135
"437",2020-04-28 04:00:00,5.00128,120.25643
"438",2020-04-28 05:00:00,4.1046314,127.874985
"439",2020-04-28 06:00:00,2.4149535,153.43495
"440",2020-04-28 07:00:00,1.2979984,236.30994
"441",2020-04-28 08:00:00,2.8799999,89.99999
"442",2020-04-28 09:00:00,0.71999997,180
"443",2020-04-28 10:00:00,2.0364676,225
"444",2020-04-28 11:00:00,3.319036,229.39871
"445",2020-04-28 12:00:00,3.7064266,240.9454
"446",2020-04-28 13:00:00,3.6179552,264.28943
"447",2020-04-28 14:00:00,2.6208394,285.9454
"448",2020-04-28 15:00:00,2.52,360
"449",2020-04-28 16:00:00,2.9024127,29.744873
"450",2020-04-28 17:00:00,4.1046314,74.74488
"451",2020-04-28 18:00:00,8.287822,92.48955
"452",2020-04-28 19:00:00,22.505037,97.35238
"453",2020-04-28 20:00:00,19.201874,120.41107
"454",2020-04-28 21:00:00,21.575987,115.70995
"455",2020-04-28 22:00:00,21.325253,111.80141
"456",2020-04-28 23:00:00,17.533146,109.17901
"457",2020-04-29 00:00:00,14.689589,107.10272
"458",2020-04-29 01:00:00,13.896187,106.55707
"459",2020-04-29 02:00:00,9.826088,98.42697
"460",2020-04-29 03:00:00,7.5599995,89.99999
"461",2020-04-29 04:00:00,7.5170207,106.69924
"462",2020-04-29 05:00:00,7.928177,129.47246
"463",2020-04-29 06:00:00,8.654986,163.07248
"464",2020-04-29 07:00:00,9.3876505,184.39871
"465",2020-04-29 08:00:00,6.9899354,191.88866
"466",2020-04-29 09:00:00,4.2136917,199.98311
"467",2020-04-29 10:00:00,3.8773184,201.8014
"468",2020-04-29 11:00:00,2.5959969,213.69006
"469",2020-04-29 12:00:00,0.5091169,225
"470",2020-04-29 13:00:00,4.6938257,32.47119
"471",2020-04-29 14:00:00,10.97262,41.009094
"472",2020-04-29 15:00:00,16.055355,47.726303
"473",2020-04-29 16:00:00,16.179987,57.72435
"474",2020-04-29 17:00:00,17.418196,71.93952
"475",2020-04-29 18:00:00,22.608458,80.83765
"476",2020-04-29 19:00:00,31.338614,88.02507
"477",2020-04-29 20:00:00,10.661107,101.68936
"478",2020-04-29 21:00:00,17.414476,82.874985
"479",2020-04-29 22:00:00,30.77105,96.04409
"480",2020-04-29 23:00:00,41.741375,104.99507
"481",2020-04-30 00:00:00,43.037693,107.525566
"482",2020-04-30 01:00:00,31.435646,103.24051
"483",2020-04-30 02:00:00,18.129137,96.84277
"484",2020-04-30 03:00:00,15.328561,99.46232
"485",2020-04-30 04:00:00,12.864649,107.92791
"486",2020-04-30 05:00:00,9.793058,107.10272
"487",2020-04-30 06:00:00,8.287822,92.48955
"488",2020-04-30 07:00:00,8.64,89.99999
"489",2020-04-30 08:00:00,7.2,126.869896
"490",2020-04-30 09:00:00,10.587917,107.818886
"491",2020-04-30 10:00:00,13.358861,104.03624
"492",2020-04-30 11:00:00,16.24394,102.80426
"493",2020-04-30 12:00:00,23.377836,99.75242
"494",2020-04-30 13:00:00,28.528723,100.17551
"495",2020-04-30 14:00:00,31.355152,102.60016
"496",2020-04-30 15:00:00,32.83705,105.25512
"497",2020-04-30 16:00:00,31.450073,105.9454
"498",2020-04-30 17:00:00,28.988384,104.381386
"499",2020-04-30 18:00:00,24.717085,102.61932
"500",2020-04-30 19:00:00,23.051247,104.47029
"501",2020-04-30 20:00:00,23.667091,116.175285
"502",2020-04-30 21:00:00,21.194187,110.897766
"503",2020-04-30 22:00:00,20.140705,114.27444
"504",2020-04-30 23:00:00,17.22742,116.02959
"505",2020-05-01 00:00:00,12.245293,114.30454
"506",2020-05-01 01:00:00,9.826088,118.442924
"507",2020-05-01 02:00:00,6.9247384,117.89726
"508",2020-05-01 03:00:00,5.154415,114.77514
"509",2020-05-01 04:00:00,3.6,126.869896
"510",2020-05-01 05:00:00,2.3051248,128.6598
"511",2020-05-01 06:00:00,1.2979984,123.69006
"512",2020-05-01 07:00:00,0,180
"513",2020-05-01 08:00:00,1.0182338,44.999985
"514",2020-05-01 09:00:00,1.1384199,108.434944
"515",2020-05-01 10:00:00,1.484318,104.03624
"516",2020-05-01 11:00:00,2.8799999,89.99999
"517",2020-05-01 12:00:00,5.3999996,89.99999
"518",2020-05-01 13:00:00,9,89.99999
"519",2020-05-01 14:00:00,12.599999,89.99999
"520",2020-05-01 15:00:00,16.56,89.99999
"521",2020-05-01 16:00:00,18.374111,92.245735
"522",2020-05-01 17:00:00,20.598795,95.013115
"523",2020-05-01 18:00:00,23.97989,97.76516
"524",2020-05-01 19:00:00,28.1169,103.324524
"525",2020-05-01 20:00:00,24.821732,109.48613
"526",2020-05-01 21:00:00,23.540806,113.42869
"527",2020-05-01 22:00:00,20.46941,113.860176
"528",2020-05-01 23:00:00,16.45007,113.19859
"529",2020-05-02 00:00:00,12.641076,109.9831
"530",2020-05-02 01:00:00,10.636766,113.96249
"531",2020-05-02 02:00:00,7.24486,116.56505
"532",2020-05-02 03:00:00,5.3517847,132.27368
"533",2020-05-02 04:00:00,3.7585104,163.30075
"534",2020-05-02 05:00:00,3.319036,192.52881
"535",2020-05-02 06:00:00,3.319036,229.39871
"536",2020-05-02 07:00:00,3.9763298,264.80557
"537",2020-05-02 08:00:00,3.096837,324.46234
"538",2020-05-02 09:00:00,2.52,360
"539",2020-05-02 10:00:00,2.4149535,26.565033
"540",2020-05-02 11:00:00,3.8773184,68.19859
"541",2020-05-02 12:00:00,4.802999,77.00538
"542",2020-05-02 13:00:00,6.830519,71.56504
"543",2020-05-02 14:00:00,10.144082,62.52556
"544",2020-05-02 15:00:00,15.596767,71.14684
"545",2020-05-02 16:00:00,18.584509,81.085075
"546",2020-05-02 17:00:00,22.319998,89.99999
"547",2020-05-02 18:00:00,25.509243,98.93059
"548",2020-05-02 19:00:00,31.655441,107.19854
"549",2020-05-02 20:00:00,27.943512,111.93848
"550",2020-05-02 21:00:00,21.461555,112.69379
"551",2020-05-02 22:00:00,17.992796,109.88516
"552",2020-05-02 23:00:00,15.844089,111.31791
"553",2020-05-03 00:00:00,13.849477,117.89726
"554",2020-05-03 01:00:00,12.287555,121.82744
"555",2020-05-03 02:00:00,9.504272,127.30394
"556",2020-05-03 03:00:00,7.8954163,133.15239
"557",2020-05-03 04:00:00,7.10031,149.53445
"558",2020-05-03 05:00:00,6.28713,166.75948
"559",2020-05-03 06:00:00,3.96,180
"560",2020-05-03 07:00:00,2.3051248,231.3402
"561",2020-05-03 08:00:00,3.2399998,270
"562",2020-05-03 09:00:00,4.0249224,296.56506
"563",2020-05-03 10:00:00,3.0547013,315
"564",2020-05-03 11:00:00,2.1897945,9.462311
"565",2020-05-03 12:00:00,3.4152596,71.56504
"566",2020-05-03 13:00:00,5.771239,86.42367
"567",2020-05-03 14:00:00,7.2805495,81.46923
"568",2020-05-03 15:00:00,12.413476,73.141594
"569",2020-05-03 16:00:00,16.87398,78.929794
"570",2020-05-03 17:00:00,22.725668,86.36704
"571",2020-05-03 18:00:00,28.551426,95.063614
"572",2020-05-03 19:00:00,36.58918,103.079124
"573",2020-05-03 20:00:00,27.553526,107.48799
"574",2020-05-03 21:00:00,19.93048,106.79836
"575",2020-05-03 22:00:00,16.167967,101.56012
"576",2020-05-03 23:00:00,12.57426,103.24051
"577",2020-05-05 00:00:00,12.313894,127.874985
"578",2020-05-05 01:00:00,10.009036,127.69424
"579",2020-05-05 02:00:00,8.707237,119.74488
"580",2020-05-05 03:00:00,8.373386,115.46334
"581",2020-05-05 04:00:00,7.24486,116.56505
"582",2020-05-05 05:00:00,6.4096174,128.15723
"583",2020-05-05 06:00:00,5.904439,142.4314
"584",2020-05-05 07:00:00,4.1046314,164.74487
"585",2020-05-05 08:00:00,3.319036,192.52881
"586",2020-05-05 09:00:00,1.609969,243.43495
"587",2020-05-05 10:00:00,0.8049845,333.43497
"588",2020-05-05 11:00:00,3.319036,49.398697
"589",2020-05-05 12:00:00,5.154415,65.224846
"590",2020-05-05 13:00:00,6.28713,66.37062
"591",2020-05-05 14:00:00,6.8777895,47.121094
"592",2020-05-05 15:00:00,7.2,53.130096
"593",2020-05-05 16:00:00,7.172949,72.47443
"594",2020-05-05 17:00:00,8.647496,92.38594
"595",2020-05-05 18:00:00,10.483357,105.9454
"596",2020-05-05 19:00:00,13.009903,104.42077
"597",2020-05-05 20:00:00,29.940662,108.217094
"598",2020-05-05 21:00:00,29.827904,119.6591
"599",2020-05-05 22:00:00,21.413193,116.995834
"600",2020-05-05 23:00:00,23.188583,117.75854
"601",2020-05-06 00:00:00,22.314192,100.22216
"602",2020-05-06 01:00:00,17.227419,100.8403
"603",2020-05-06 02:00:00,8.0899935,122.27564
"604",2020-05-06 03:00:00,3.8268526,131.18591
"605",2020-05-06 04:00:00,4.379589,99.46232
"606",2020-05-06 05:00:00,4.6938252,94.398705
"607",2020-05-06 06:00:00,3.2399998,89.99999
"608",2020-05-06 07:00:00,2.16,89.99999
"609",2020-05-06 08:00:00,4.1046314,105.25512
"610",2020-05-06 09:00:00,5.771239,93.576324
"611",2020-05-06 10:00:00,10.105681,85.91438
"612",2020-05-06 11:00:00,18.03237,86.56637
"613",2020-05-06 12:00:00,24.490587,88.315315
"614",2020-05-06 13:00:00,28.802248,89.28384
"615",2020-05-06 14:00:00,31.68,89.99999
"616",2020-05-06 15:00:00,34.2,89.99999
"617",2020-05-06 16:00:00,34.57687,91.7899
"618",2020-05-06 17:00:00,33.672993,96.13725
"619",2020-05-06 18:00:00,33.50128,98.652534
"620",2020-05-06 19:00:00,34.877293,101.30993
"621",2020-05-06 20:00:00,33.70377,103.59094
"622",2020-05-06 21:00:00,30.396025,108.64953
"623",2020-05-06 22:00:00,19.995398,113.33404
"624",2020-05-06 23:00:00,16.62249,107.650116
"625",2020-05-07 00:00:00,13.556282,100.71312
"626",2020-05-07 01:00:00,11.159999,89.99999
"627",2020-05-07 02:00:00,9.449572,72.255325
"628",2020-05-07 03:00:00,8.217153,61.18921
"629",2020-05-07 04:00:00,6.193674,54.46232
"630",2020-05-07 05:00:00,5.315336,61.699234
"631",2020-05-07 06:00:00,4.802999,77.00538
"632",2020-05-07 07:00:00,4.6938252,85.60129
"633",2020-05-07 08:00:00,0.8049845,206.56505
"634",2020-05-07 09:00:00,2.6208394,105.9454
"635",2020-05-07 10:00:00,7.342588,101.30993
"636",2020-05-07 11:00:00,12.9249525,102.87499
"637",2020-05-07 12:00:00,18.511143,103.49573
"638",2020-05-07 13:00:00,22.805367,101.84207
"639",2020-05-07 14:00:00,25.346148,101.46953
"640",2020-05-07 15:00:00,27.607563,102.04257
"641",2020-05-07 16:00:00,28.73242,105.25512
"642",2020-05-07 17:00:00,29.487053,107.77132
"643",2020-05-07 18:00:00,29.035288,109.55824
"644",2020-05-07 19:00:00,28.916763,108.886086
"645",2020-05-07 20:00:00,20.771093,115.67681
"646",2020-05-07 21:00:00,21.09305,117.43973
"647",2020-05-07 22:00:00,17.22742,116.02959
"648",2020-05-07 23:00:00,12.303366,110.556046
"649",2020-05-08 00:00:00,7.771331,103.392494
"650",2020-05-08 01:00:00,5.4119864,93.81408
"651",2020-05-08 02:00:00,3.9763298,84.805565
"652",2020-05-08 03:00:00,3.671294,78.69006
"653",2020-05-08 04:00:00,2.7416782,66.8014
"654",2020-05-08 05:00:00,2.0364676,44.999985
"655",2020-05-08 06:00:00,2.2768397,18.434952
"656",2020-05-08 07:00:00,2.9024127,352.875
"657",2020-05-08 08:00:00,0.71999997,270
"658",2020-05-08 09:00:00,1.4399999,270
"659",2020-05-08 10:00:00,3.2599385,276.34018
"660",2020-05-08 11:00:00,5.506941,281.30994
"661",2020-05-08 12:00:00,10.028439,291.0375
"662",2020-05-08 13:00:00,10.883676,304.2157
"663",2020-05-08 14:00:00,8.557102,337.75098
"664",2020-05-08 15:00:00,10.105681,4.085617
"665",2020-05-08 16:00:00,11.435313,28.178574
"666",2020-05-08 17:00:00,11.988594,41.347763
"667",2020-05-08 18:00:00,11.983188,57.26477
"668",2020-05-08 19:00:00,13.493999,80.78897
"669",2020-05-08 20:00:00,7.386582,223.02507
"670",2020-05-08 21:00:00,7.072878,194.74356
"671",2020-05-08 22:00:00,6.9247384,152.10272
"672",2020-05-08 23:00:00,9.387651,122.47119
"673",2020-05-09 00:00:00,9.107359,108.434944
"674",2020-05-09 01:00:00,10.308831,102.09476
"675",2020-05-09 02:00:00,12.429127,100.00798
"676",2020-05-09 03:00:00,16.981165,94.86451
"677",2020-05-09 04:00:00,18.289274,100.20397
"678",2020-05-09 05:00:00,20.60823,109.384514
"679",2020-05-09 06:00:00,15.484185,107.59242
"680",2020-05-09 07:00:00,12.224107,103.62699
"681",2020-05-09 08:00:00,3.6179552,95.71059
"682",2020-05-09 09:00:00,6.696387,126.25384
"683",2020-05-09 10:00:00,11.090103,125.75388
"684",2020-05-09 11:00:00,15.03835,132.08916
"685",2020-05-09 12:00:00,13.281023,147.17145
"686",2020-05-09 13:00:00,15.7908325,136.84761
"687",2020-05-09 14:00:00,17.49615,126.63411
"688",2020-05-09 15:00:00,14.689588,126.027374
"689",2020-05-09 16:00:00,15.629971,118.92642
"690",2020-05-09 17:00:00,16.1198,113.702644
"691",2020-05-09 18:00:00,20.730501,110.323135
"692",2020-05-09 19:00:00,26.183659,108.434944
"693",2020-05-09 20:00:00,18.532133,114.07549
"694",2020-05-09 21:00:00,17.81909,98.1301
"695",2020-05-09 22:00:00,20.780453,104.03624
"696",2020-05-09 23:00:00,12.620554,93.27049
"697",2020-05-10 00:00:00,8.699793,114.44395
"698",2020-05-10 01:00:00,11.525623,104.47029
"699",2020-05-10 02:00:00,9.47012,98.74616
"700",2020-05-10 03:00:00,6.130579,86.63353
"701",2020-05-10 04:00:00,3.9763298,84.805565
"702",2020-05-10 05:00:00,2.9024127,82.874985
"703",2020-05-10 06:00:00,2.1897945,80.537674
"704",2020-05-10 07:00:00,2.2768397,71.56504
"705",2020-05-10 08:00:00,7.24486,116.56505
"706",2020-05-10 09:00:00,6.6087217,119.35774
"707",2020-05-10 10:00:00,8.39657,120.96376
"708",2020-05-10 11:00:00,10.144082,117.474434
"709",2020-05-10 12:00:00,11.966953,111.161255
"710",2020-05-10 13:00:00,15.815435,101.82149
"711",2020-05-10 14:00:00,21.03152,96.881714
"712",2020-05-10 15:00:00,25.764534,97.22431
"713",2020-05-10 16:00:00,30.599998,98.79741
"714",2020-05-10 17:00:00,32.97293,100.69651
"715",2020-05-10 18:00:00,34.838253,103.74905
"716",2020-05-10 19:00:00,39.658867,105.802505
"717",2020-05-10 20:00:00,35.864742,109.34433
"718",2020-05-10 21:00:00,30.085318,111.0375
"719",2020-05-10 22:00:00,25.417631,105.610985
"720",2020-05-10 23:00:00,20.833395,99.95062
"721",2020-05-11 00:00:00,16.700275,97.431404
"722",2020-05-11 01:00:00,13.849476,98.97262
"723",2020-05-11 02:00:00,10.495713,95.90614
"724",2020-05-11 03:00:00,9.746631,94.23639
"725",2020-05-11 04:00:00,7.5685663,92.72631
"726",2020-05-11 05:00:00,6.519877,96.34019
"727",2020-05-11 06:00:00,5.8048253,97.125015
"728",2020-05-11 07:00:00,5.1544156,102.09476
"729",2020-05-11 08:00:00,9.290511,125.537674
"730",2020-05-11 09:00:00,9.227524,110.556046
"731",2020-05-11 10:00:00,10.365251,110.323135
"732",2020-05-11 11:00:00,12.72283,115.11483
"733",2020-05-11 12:00:00,14.658676,114.67686
"734",2020-05-11 13:00:00,18.455048,110.556046
"735",2020-05-11 14:00:00,21.407139,109.653824
"736",2020-05-11 15:00:00,25.161398,109.21267
"737",2020-05-11 16:00:00,26.339111,111.65599
"738",2020-05-11 17:00:00,28.277763,111.665955
"739",2020-05-11 18:00:00,29.548521,112.190285
"740",2020-05-11 19:00:00,26.64,108.92464
"741",2020-05-11 20:00:00,18.584509,98.91492
"742",2020-05-11 21:00:00,16.923828,91.218864
"743",2020-05-11 22:00:00,15.226764,96.78896
"744",2020-05-11 23:00:00,10.661107,101.68936
"745",2020-05-12 00:00:00,7.072878,104.74355
"746",2020-05-12 01:00:00,6.28713,103.24051
"747",2020-05-12 02:00:00,5.1544156,102.09476
"748",2020-05-12 03:00:00,4.802999,102.99461
"749",2020-05-12 04:00:00,3.319036,102.52881
"750",2020-05-12 05:00:00,2.968636,104.03624
"751",2020-05-12 06:00:00,3.0758414,110.556046
"752",2020-05-12 07:00:00,2.968636,104.03624
"753",2020-05-12 08:00:00,2.6208394,105.9454
"754",2020-05-12 09:00:00,2.3051248,128.6598
"755",2020-05-12 10:00:00,2.4149535,153.43495
"756",2020-05-12 11:00:00,2.16,180
"757",2020-05-12 12:00:00,3.0758414,200.55605
"758",2020-05-12 13:00:00,3.4152596,198.43495
"759",2020-05-12 14:00:00,4.2136917,160.01689
"760",2020-05-12 15:00:00,4.510787,151.38954
"761",2020-05-12 16:00:00,5.6233797,129.80557
"762",2020-05-12 17:00:00,8.427383,109.9831
"763",2020-05-12 18:00:00,14.685176,101.30993
"764",2020-05-12 19:00:00,26.220753,98.68635
"765",2020-05-12 20:00:00,25.153671,99.057884
"766",2020-05-12 21:00:00,20.12461,100.30484
"767",2020-05-12 22:00:00,15.5843,96.632515
"768",2020-05-12 23:00:00,14.869351,96.95296
