"","timestamp","Villa.Tecolutilla.Wind.Speed..80.m.","Villa.Tecolutilla.Wind.Direction..80.m."
"1",2020-04-14 00:00:00,5.1919937,236.30994
"2",2020-04-14 01:00:00,5.937272,255.96376
"3",2020-04-14 02:00:00,5.4119864,273.8141
"4",2020-04-14 03:00:00,2.3051248,308.65982
"5",2020-04-14 04:00:00,2.3051248,51.34018
"6",2020-04-14 05:00:00,2.2768397,71.56504
"7",2020-04-14 06:00:00,1.0182338,44.999985
"8",2020-04-14 07:00:00,7.5685663,154.65382
"9",2020-04-14 08:00:00,4.802999,167.00539
"10",2020-04-14 09:00:00,1.1384199,108.434944
"11",2020-04-14 10:00:00,6.2145634,10.00798
"12",2020-04-14 11:00:00,11.177405,14.931412
"13",2020-04-14 12:00:00,14.934577,15.376251
"14",2020-04-14 13:00:00,18.079027,12.652557
"15",2020-04-14 14:00:00,18.861387,13.240509
"16",2020-04-14 15:00:00,21.218632,14.743561
"17",2020-04-14 16:00:00,22.450264,15.819183
"18",2020-04-14 17:00:00,23.491207,15.1010895
"19",2020-04-14 18:00:00,22.104116,16.073563
"20",2020-04-14 19:00:00,21.629978,18.434952
"21",2020-04-14 20:00:00,21.659916,21.447723
"22",2020-04-14 21:00:00,22.127556,21.974487
"23",2020-04-14 22:00:00,20.60823,19.384506
"24",2020-04-14 23:00:00,17.076298,18.434952
"25",2020-04-15 00:00:00,6.489992,3.1798248
"26",2020-04-15 01:00:00,7.0911775,293.9625
"27",2020-04-15 02:00:00,10.44,316.3972
"28",2020-04-15 03:00:00,16.418526,322.12503
"29",2020-04-15 04:00:00,19.134262,318.8141
"30",2020-04-15 05:00:00,18.391737,319.76367
"31",2020-04-15 06:00:00,17.057314,315.8551
"32",2020-04-15 07:00:00,13.830749,308.65982
"33",2020-04-15 08:00:00,9.387651,302.4712
"34",2020-04-15 09:00:00,8.587338,303.02386
"35",2020-04-15 10:00:00,10.691453,315
"36",2020-04-15 11:00:00,13.324863,321.58197
"37",2020-04-15 12:00:00,17.377226,320.04248
"38",2020-04-15 13:00:00,23.277834,320.64825
"39",2020-04-15 14:00:00,25.460936,326.5346
"40",2020-04-15 15:00:00,28.84721,330.87598
"41",2020-04-15 16:00:00,29.949316,334.359
"42",2020-04-15 17:00:00,30.351225,337.6938
"43",2020-04-15 18:00:00,28.357857,339.95477
"44",2020-04-15 19:00:00,25.862436,343.8355
"45",2020-04-15 20:00:00,26.654589,343.52313
"46",2020-04-15 21:00:00,23.157824,348.3407
"47",2020-04-15 22:00:00,20.06334,350.7067
"48",2020-04-15 23:00:00,16.23596,356.18594
"49",2020-04-16 00:00:00,12.964998,1.5911255
"50",2020-04-16 01:00:00,8.209263,15.255127
"51",2020-04-16 02:00:00,5.904439,52.431404
"52",2020-04-16 03:00:00,8.699793,65.55604
"53",2020-04-16 04:00:00,9.585739,55.71312
"54",2020-04-16 05:00:00,7.928177,50.527527
"55",2020-04-16 06:00:00,5.3517847,47.726303
"56",2020-04-16 07:00:00,2.7416782,23.198593
"57",2020-04-16 08:00:00,4.73506,81.25384
"58",2020-04-16 09:00:00,5.3999996,89.99999
"59",2020-04-16 10:00:00,5.692099,55.304832
"60",2020-04-16 11:00:00,8.557102,14.620865
"61",2020-04-16 12:00:00,12.245294,1.6846771
"62",2020-04-16 13:00:00,17.283749,358.80652
"63",2020-04-16 14:00:00,20.519999,360
"64",2020-04-16 15:00:00,23.759998,360
"65",2020-04-16 16:00:00,25.223133,2.4540253
"66",2020-04-16 17:00:00,26.661882,2.3215332
"67",2020-04-16 18:00:00,25.651104,4.830414
"68",2020-04-16 19:00:00,24.149532,10.30484
"69",2020-04-16 20:00:00,22.033648,4.6858826
"70",2020-04-16 21:00:00,18.861387,13.240509
"71",2020-04-16 22:00:00,17.238699,28.705948
"72",2020-04-16 23:00:00,17.057314,44.144897
"73",2020-04-17 00:00:00,17.555307,61.858406
"74",2020-04-17 01:00:00,16.071491,74.40718
"75",2020-04-17 02:00:00,11.966953,83.08877
"76",2020-04-17 03:00:00,5.937272,104.03624
"77",2020-04-17 04:00:00,2.0991426,149.03624
"78",2020-04-17 05:00:00,0.8049845,26.565033
"79",2020-04-17 06:00:00,3.396233,32.005356
"80",2020-04-17 07:00:00,4.6938257,32.47119
"81",2020-04-17 08:00:00,2.4149535,116.56505
"82",2020-04-17 09:00:00,6.638072,102.52881
"83",2020-04-17 10:00:00,6.9899354,101.88866
"84",2020-04-17 11:00:00,6.12,89.99999
"85",2020-04-17 12:00:00,6.638072,49.398697
"86",2020-04-17 13:00:00,13.570615,21.801407
"87",2020-04-17 14:00:00,19.602652,7.386017
"88",2020-04-17 15:00:00,22.725668,3.6329498
"89",2020-04-17 16:00:00,25.683926,5.6306763
"90",2020-04-17 17:00:00,27.51116,6.0090027
"91",2020-04-17 18:00:00,27.047956,9.963806
"92",2020-04-17 19:00:00,26.758923,17.216064
"93",2020-04-17 20:00:00,21.841648,8.530762
"94",2020-04-17 21:00:00,20.774214,8.972626
"95",2020-04-17 22:00:00,21.218632,14.743561
"96",2020-04-17 23:00:00,21.578989,27.847565
"97",2020-04-18 00:00:00,24.75638,40.872406
"98",2020-04-18 01:00:00,26.787966,48.81407
"99",2020-04-18 02:00:00,28.40124,59.534447
"100",2020-04-18 03:00:00,27.943514,75.06858
"101",2020-04-18 04:00:00,24.609364,95.87739
"102",2020-04-18 05:00:00,23.510508,115.3879
"103",2020-04-18 06:00:00,21.897945,133.66777
"104",2020-04-18 07:00:00,18.171976,146.30994
"105",2020-04-18 08:00:00,11.298495,149.34933
"106",2020-04-18 09:00:00,9.3876505,175.60129
"107",2020-04-18 10:00:00,12.24,208.0725
"108",2020-04-18 11:00:00,12.229406,222.61406
"109",2020-04-18 12:00:00,9.339208,242.44719
"110",2020-04-18 13:00:00,6.792466,302.00537
"111",2020-04-18 14:00:00,15.84,360
"112",2020-04-18 15:00:00,23.97989,7.765167
"113",2020-04-18 16:00:00,24.216522,5.1173096
"114",2020-04-18 17:00:00,25.764534,15.395554
"115",2020-04-18 18:00:00,23.241617,16.189209
"116",2020-04-18 19:00:00,23.507753,27.349869
"117",2020-04-18 20:00:00,24.312662,27.323883
"118",2020-04-18 21:00:00,22.406927,46.30194
"119",2020-04-18 22:00:00,21.67487,57.893738
"120",2020-04-18 23:00:00,23.006226,69.86369
"121",2020-04-19 00:00:00,22.42427,84.47246
"122",2020-04-19 01:00:00,17.731598,95.82633
"123",2020-04-19 02:00:00,8.427383,109.9831
"124",2020-04-19 03:00:00,2.1897945,189.46233
"125",2020-04-19 04:00:00,4.802999,257.00537
"126",2020-04-19 05:00:00,5.634891,243.43495
"127",2020-04-19 06:00:00,4.32,180
"128",2020-04-19 07:00:00,9.220499,128.6598
"129",2020-04-19 08:00:00,10.195057,137.8624
"130",2020-04-19 09:00:00,10.1887,147.99461
"131",2020-04-19 10:00:00,9.360001,202.61987
"132",2020-04-19 11:00:00,14.84318,219.09386
"133",2020-04-19 12:00:00,18.581022,215.53769
"134",2020-04-19 13:00:00,18.971008,213.38852
"135",2020-04-19 14:00:00,16.489416,216.11934
"136",2020-04-19 15:00:00,4.829907,206.56505
"137",2020-04-19 16:00:00,5.4477882,82.40536
"138",2020-04-19 17:00:00,11.043261,70.97439
"139",2020-04-19 18:00:00,12.682018,83.480194
"140",2020-04-19 19:00:00,9.931042,133.53119
"141",2020-04-19 20:00:00,30.54701,188.1301
"142",2020-04-19 21:00:00,27.908709,186.66666
"143",2020-04-19 22:00:00,28.948118,201.13983
"144",2020-04-19 23:00:00,36.08091,204.77515
"145",2020-04-20 00:00:00,34.358788,215.18875
"146",2020-04-20 01:00:00,35.647274,218.02722
"147",2020-04-20 02:00:00,35.71265,217.21645
"148",2020-04-20 03:00:00,36.288643,216.52885
"149",2020-04-20 04:00:00,35.452232,212.56044
"150",2020-04-20 05:00:00,34.793587,208.4212
"151",2020-04-20 06:00:00,34.651752,203.90205
"152",2020-04-20 07:00:00,32.44996,199.44003
"153",2020-04-20 08:00:00,15.856356,182.60257
"154",2020-04-20 09:00:00,23.444265,183.52145
"155",2020-04-20 10:00:00,26.437336,186.25403
"156",2020-04-20 11:00:00,29.01743,191.44934
"157",2020-04-20 12:00:00,26.980793,198.6767
"158",2020-04-20 13:00:00,14.007655,205.90651
"159",2020-04-20 14:00:00,12.303366,20.556046
"160",2020-04-20 15:00:00,26.980793,31.35707
"161",2020-04-20 16:00:00,23.847115,28.886566
"162",2020-04-20 17:00:00,26.826641,40.100906
"163",2020-04-20 18:00:00,23.441502,42.510437
"164",2020-04-20 19:00:00,21.94524,48.990906
"165",2020-04-20 20:00:00,25.460936,33.465378
"166",2020-04-20 21:00:00,21.67786,35.53766
"167",2020-04-20 22:00:00,15.1884165,31.42955
"168",2020-04-20 23:00:00,5.6233797,50.194427
"169",2020-04-21 00:00:00,3.6179552,174.28941
"170",2020-04-21 01:00:00,6.9247384,152.10272
"171",2020-04-21 02:00:00,7.9932966,125.83765
"172",2020-04-21 03:00:00,8.404285,133.26428
"173",2020-04-21 04:00:00,7.172949,162.47443
"174",2020-04-21 05:00:00,7.172949,197.52557
"175",2020-04-21 06:00:00,8.891343,238.24052
"176",2020-04-21 07:00:00,12.758432,253.61046
"177",2020-04-21 08:00:00,9.904906,250.90651
"178",2020-04-21 09:00:00,7.5942082,238.57043
"179",2020-04-21 10:00:00,4.379589,189.46233
"180",2020-04-21 11:00:00,1.0182338,135
"181",2020-04-21 12:00:00,7.729527,27.75853
"182",2020-04-21 13:00:00,20.5484,3.0127716
"183",2020-04-21 14:00:00,25.241108,3.2704926
"184",2020-04-21 15:00:00,29.035288,17.31163
"185",2020-04-21 16:00:00,29.257614,18.657883
"186",2020-04-21 17:00:00,29.024128,23.385208
"187",2020-04-21 18:00:00,27.381308,24.880356
"188",2020-04-21 19:00:00,27.381306,28.249725
"189",2020-04-21 20:00:00,26.959166,34.114456
"190",2020-04-21 21:00:00,28.257132,34.09497
"191",2020-04-21 22:00:00,28.449112,38.3201
"192",2020-04-21 23:00:00,28.583183,49.085617
"193",2020-04-20 00:00:00,27.504093,217.01988
"194",2020-04-20 01:00:00,28.312117,221.39154
"195",2020-04-20 02:00:00,30.0767,222.08917
"196",2020-04-20 03:00:00,32.682762,220.53284
"197",2020-04-20 04:00:00,33.3559,214.8907
"198",2020-04-20 05:00:00,33.221584,209.8989
"199",2020-04-20 06:00:00,31.716797,206.27422
"201",2020-04-20 08:00:00,27.698952,188.97263
"202",2020-04-20 09:00:00,24.798225,170.81116
"203",2020-04-20 10:00:00,19.130875,160.20113
"204",2020-04-20 11:00:00,14.512064,150.25511
"205",2020-04-20 12:00:00,8.913181,136.63657
"206",2020-04-20 13:00:00,13.37825,66.194046
"207",2020-04-20 14:00:00,26.712873,52.6668
"208",2020-04-20 15:00:00,27.661497,51.34018
"209",2020-04-20 16:00:00,27.0024,42.838913
"210",2020-04-20 17:00:00,28.394392,39.340515
"211",2020-04-20 18:00:00,24.798225,39.699066
"212",2020-04-20 19:00:00,22.915916,43.726974
"213",2020-04-20 20:00:00,20.972897,50.572174
"214",2020-04-20 21:00:00,16.263872,62.30053
"215",2020-04-20 22:00:00,11.928989,84.805565
"216",2020-04-20 23:00:00,11.27553,106.69924
"217",2020-04-21 00:00:00,14.904173,127.14668
"218",2020-04-21 01:00:00,17.709658,153.43495
"219",2020-04-21 02:00:00,20.265795,192.30801
"220",2020-04-21 03:00:00,22.473343,215.21759
"221",2020-04-21 04:00:00,22.768396,235.30484
"222",2020-04-21 05:00:00,21.518847,252.47443
"223",2020-04-21 06:00:00,18.161278,256.23923
"225",2020-04-21 08:00:00,1.8,180
"226",2020-04-21 09:00:00,3.2399998,180
"227",2020-04-21 10:00:00,2.0991426,149.03624
"228",2020-04-21 11:00:00,2.8116899,39.805573
"229",2020-04-21 12:00:00,9.9571085,12.528793
"230",2020-04-21 13:00:00,20.957443,355.07288
"231",2020-04-21 14:00:00,23.857979,354.8056
"232",2020-04-21 15:00:00,25.567604,9.72757
"233",2020-04-21 16:00:00,25.922499,9.59314
"234",2020-04-21 17:00:00,28.639803,14.560272
"235",2020-04-21 18:00:00,28.137632,16.34816
"236",2020-04-21 19:00:00,28.48326,20.725555
"237",2020-04-21 20:00:00,25.420181,12.2647705
"238",2020-04-21 21:00:00,24.826952,16.858398
"239",2020-04-21 22:00:00,24.149532,26.565033
"240",2020-04-21 23:00:00,24.967497,42.66269
"241",2020-04-22 00:00:00,23.510508,64.61209
"242",2020-04-22 01:00:00,23.219301,82.874985
"243",2020-04-22 02:00:00,14.512064,113.385216
"244",2020-04-22 03:00:00,9.826088,171.57303
"245",2020-04-22 04:00:00,7.8625183,195.9454
"246",2020-04-22 05:00:00,5.2416787,195.9454
"247",2020-04-22 06:00:00,3.6179552,185.71059
"248",2020-04-22 07:00:00,4.896529,162.89728
"249",2020-04-22 08:00:00,10.636766,156.0375
"250",2020-04-22 09:00:00,15.617529,154.0256
"251",2020-04-22 10:00:00,13.202726,154.13364
"252",2020-04-22 11:00:00,9,143.1301
"253",2020-04-22 12:00:00,6.0347,107.35402
"254",2020-04-22 13:00:00,10.948973,46.3322
"255",2020-04-22 14:00:00,18.193361,27.072067
"256",2020-04-22 15:00:00,23.933907,21.161255
"257",2020-04-22 16:00:00,24.066206,21.960556
"258",2020-04-22 17:00:00,27.231804,24.193207
"259",2020-04-22 18:00:00,26.302181,30.425766
"260",2020-04-22 19:00:00,25.567604,32.347427
"261",2020-04-22 20:00:00,26.518099,41.69812
"262",2020-04-22 21:00:00,27.871534,54.46232
"263",2020-04-22 22:00:00,26.729847,64.47029
"264",2020-04-22 23:00:00,23.933907,83.08877
"265",2020-04-23 00:00:00,15.315873,150.42216
"266",2020-04-23 01:00:00,20.12461,190.30484
"267",2020-04-23 02:00:00,19.721298,201.41296
"268",2020-04-23 03:00:00,19.296133,194.03624
"269",2020-04-23 04:00:00,18.511143,193.49573
"270",2020-04-23 05:00:00,22.61419,193.81503
"271",2020-04-23 06:00:00,22.392462,184.61066
"272",2020-04-23 07:00:00,21.38897,173.23383
"273",2020-04-23 08:00:00,13.450708,164.47589
"274",2020-04-23 09:00:00,19.694992,161.89624
"275",2020-04-23 10:00:00,29.16889,178.58557
"276",2020-04-23 11:00:00,40.89606,189.62816
"277",2020-04-23 12:00:00,45,196.26021
"278",2020-04-23 13:00:00,44.326805,200.93729
"279",2020-04-23 14:00:00,43.151974,205.70996
"280",2020-04-23 15:00:00,43.476612,207.62596
"281",2020-04-23 16:00:00,42.694542,208.72614
"282",2020-04-23 17:00:00,41.305977,210.36427
"283",2020-04-23 18:00:00,40.25888,211.84247
"284",2020-04-23 19:00:00,40.46919,215.95242
"285",2020-04-23 20:00:00,20.082708,255.46555
"286",2020-04-23 21:00:00,23.023119,260.09583
"287",2020-04-23 22:00:00,28.04305,240.80252
"288",2020-04-23 23:00:00,33.58628,239.03624
"289",2020-04-24 00:00:00,31.018547,248.1986
"290",2020-04-24 01:00:00,31.771912,250.12782
"291",2020-04-24 02:00:00,31.193535,251.14685
"292",2020-04-24 03:00:00,29.957972,249.60513
"293",2020-04-24 04:00:00,27.783045,238.7816
"294",2020-04-24 05:00:00,31.259941,231.5463
"295",2020-04-24 06:00:00,33.88019,227.15297
"296",2020-04-24 07:00:00,33.933697,221.12874
"297",2020-04-24 08:00:00,15.978484,247.47943
"298",2020-04-24 09:00:00,18.678415,242.44719
"299",2020-04-24 10:00:00,20.746122,231.3402
"300",2020-04-24 11:00:00,18.391737,229.76364
"301",2020-04-24 12:00:00,13.891522,238.7816
"302",2020-04-24 13:00:00,17.786331,305.94214
"303",2020-04-24 14:00:00,30.248568,321.76617
"304",2020-04-24 15:00:00,31.178993,328.69586
"305",2020-04-24 16:00:00,32.209442,334.86707
"306",2020-04-24 17:00:00,31.97319,352.23483
"307",2020-04-24 18:00:00,27.729347,358.51215
"308",2020-04-24 19:00:00,25.006397,6.613449
"309",2020-04-24 20:00:00,23.795427,10.4599
"310",2020-04-24 21:00:00,20.291357,25.201126
"311",2020-04-24 22:00:00,14.4,36.86989
"312",2020-04-24 23:00:00,5.495161,31.607498
"313",2020-04-25 00:00:00,3.4152596,288.43497
"314",2020-04-25 01:00:00,7.072878,255.25644
"315",2020-04-25 02:00:00,7.491114,234.78241
"316",2020-04-25 03:00:00,6.989936,214.50853
"317",2020-04-25 04:00:00,5.991594,212.73523
"318",2020-04-25 05:00:00,4.8433046,221.98721
"319",2020-04-25 06:00:00,5.3999996,216.8699
"320",2020-04-25 07:00:00,5.95906,205.01689
"321",2020-04-25 08:00:00,5.95906,205.01689
"322",2020-04-25 09:00:00,7.208994,182.86241
"323",2020-04-25 10:00:00,7.92,180
"324",2020-04-25 11:00:00,3.7585104,163.30075
"325",2020-04-25 12:00:00,6.638072,40.601288
"326",2020-04-25 13:00:00,23.749088,14.03624
"327",2020-04-25 14:00:00,27.067116,13.851395
"328",2020-04-25 15:00:00,32.79361,17.241455
"329",2020-04-25 16:00:00,32.69664,20.629868
"330",2020-04-25 17:00:00,34.145008,24.943893
"331",2020-04-25 18:00:00,32.909985,30.211319
"332",2020-04-25 19:00:00,31.353085,34.237457
"333",2020-04-25 20:00:00,31.222609,20.942642
"334",2020-04-25 21:00:00,24.482647,19.767166
"335",2020-04-25 22:00:00,14.277983,33.690063
"336",2020-04-25 23:00:00,8.647496,92.38594
"337",2020-04-26 00:00:00,11.159999,89.99999
"338",2020-04-26 01:00:00,11.212135,84.47246
"339",2020-04-26 02:00:00,8.905908,75.96376
"340",2020-04-26 03:00:00,5.1165614,39.2894
"341",2020-04-26 04:00:00,8.707237,330.25513
"342",2020-04-26 05:00:00,17.309975,315
"343",2020-04-26 06:00:00,19.602652,315.74408
"344",2020-04-26 07:00:00,28.257132,315.51617
"345",2020-04-26 08:00:00,19.022177,330.5241
"346",2020-04-26 09:00:00,16.595179,3.7313843
"347",2020-04-26 10:00:00,16.78156,22.714401
"348",2020-04-26 11:00:00,11.165805,1.8475952
"349",2020-04-26 12:00:00,13.849477,332.10272
"350",2020-04-26 13:00:00,28.006056,316.04163
"351",2020-04-26 14:00:00,27.504093,322.98013
"352",2020-04-26 15:00:00,29.76484,327.84772
"353",2020-04-26 16:00:00,31.404713,331.96616
"354",2020-04-26 17:00:00,30.274265,334.65384
"355",2020-04-26 18:00:00,25.925,334.50244
"356",2020-04-26 19:00:00,21.578989,332.15244
"357",2020-04-26 20:00:00,19.586117,342.89728
"358",2020-04-26 21:00:00,17.072504,335.0561
"359",2020-04-26 22:00:00,10.587918,305.31122
"360",2020-04-26 23:00:00,12.57426,256.7595
"361",2020-04-27 00:00:00,20.633371,317.1211
"362",2020-04-27 01:00:00,20.393293,339.3256
"363",2020-04-27 02:00:00,19.06301,349.11447
"364",2020-04-27 03:00:00,17.026896,346.5514
"365",2020-04-27 04:00:00,15.596767,341.14685
"366",2020-04-27 05:00:00,14.081477,327.5288
"367",2020-04-27 06:00:00,13.896187,323.427
"368",2020-04-27 07:00:00,12.387348,324.46234
"369",2020-04-27 08:00:00,10.315115,330.7512
"370",2020-04-27 09:00:00,10.966713,336.8014
"371",2020-04-27 10:00:00,11.966953,338.83875
"372",2020-04-27 11:00:00,13.708391,336.8014
"373",2020-04-27 12:00:00,14.84318,345.96375
"374",2020-04-27 13:00:00,18.782204,347.82855
"375",2020-04-27 14:00:00,21.605999,349.439
"376",2020-04-27 15:00:00,24.387177,351.51105
"377",2020-04-27 16:00:00,24.546085,355.79465
"378",2020-04-27 17:00:00,24.863468,2.4895477
"379",2020-04-27 18:00:00,23.623243,7.883133
"380",2020-04-27 19:00:00,22.805367,11.842072
"381",2020-04-27 20:00:00,20.150354,18.758636
"382",2020-04-27 21:00:00,19.721298,21.412964
"383",2020-04-27 22:00:00,20.288164,27.474426
"384",2020-04-27 23:00:00,19.61587,47.23117
"385",2020-04-26 00:00:00,18.584509,45.784805
"386",2020-04-26 01:00:00,14.654254,62.175903
"387",2020-04-26 02:00:00,11.620809,73.8108
"388",2020-04-26 03:00:00,9,73.73979
"389",2020-04-26 04:00:00,1.609969,26.565033
"390",2020-04-26 05:00:00,9.107359,288.43497
"391",2020-04-26 06:00:00,15.137133,295.3462
"393",2020-04-26 08:00:00,26.867676,324.8193
"394",2020-04-26 09:00:00,11.252519,352.64764
"395",2020-04-26 10:00:00,21.746502,340.6652
"396",2020-04-26 11:00:00,24.40046,338.35556
"397",2020-04-26 12:00:00,27.009598,338.90765
"398",2020-04-26 13:00:00,28.694056,336.32947
"399",2020-04-26 14:00:00,30.018473,337.43298
"400",2020-04-26 15:00:00,31.765793,336.6309
"401",2020-04-26 16:00:00,32.90014,336.8014
"402",2020-04-26 17:00:00,33.37338,336.4768
"403",2020-04-26 18:00:00,32.2396,336.29736
"404",2020-04-26 19:00:00,30.085318,338.9625
"417",2020-04-27 08:00:00,5.1165614,39.2894
"418",2020-04-27 09:00:00,7.653705,41.18593
"419",2020-04-27 10:00:00,7.491114,35.217575
"420",2020-04-27 11:00:00,8.557102,14.620865
"421",2020-04-27 12:00:00,12.959999,360
"422",2020-04-27 13:00:00,19.0392,344.64987
"423",2020-04-27 14:00:00,22.59699,337.52057
"424",2020-04-27 15:00:00,24.269983,339.14557
"425",2020-04-27 16:00:00,25.38702,341.82196
"426",2020-04-27 17:00:00,27.25559,347.79956
"427",2020-04-27 18:00:00,26.121714,352.875
"428",2020-04-27 19:00:00,24.905132,355.85538
"429",2020-04-27 20:00:00,18.792551,339.82935
"430",2020-04-27 21:00:00,17.902534,344.84595
"431",2020-04-27 22:00:00,19.523155,5.290085
"432",2020-04-27 23:00:00,20.991426,30.963745
"433",2020-04-28 00:00:00,20.991426,59.036232
"434",2020-04-28 01:00:00,18.35647,78.69006
"435",2020-04-28 02:00:00,14.113653,95.85601
"436",2020-04-28 03:00:00,10.966713,113.19859
"437",2020-04-28 04:00:00,7.9036193,120.06859
"438",2020-04-28 05:00:00,6.6185193,112.380135
"439",2020-04-28 06:00:00,7.69592,100.784294
"440",2020-04-28 07:00:00,10.495713,95.90614
"441",2020-04-28 08:00:00,15.39184,100.784294
"442",2020-04-28 09:00:00,21.407139,109.653824
"443",2020-04-28 10:00:00,21.897945,117.40757
"444",2020-04-28 11:00:00,21.900904,115.301384
"445",2020-04-28 12:00:00,21.659916,111.44774
"446",2020-04-28 13:00:00,20.418695,99.13017
"447",2020-04-28 14:00:00,18.532133,82.1847
"448",2020-04-28 15:00:00,22.565422,33.94359
"449",2020-04-28 16:00:00,28.694056,23.670532
"450",2020-04-28 17:00:00,29.162222,28.7798
"451",2020-04-28 18:00:00,28.58545,31.08751
"452",2020-04-28 19:00:00,28.056913,33.48616
"453",2020-04-28 20:00:00,19.930477,20.071518
"454",2020-04-28 21:00:00,20.972897,39.427795
"455",2020-04-28 22:00:00,22.932877,47.5448
"456",2020-04-28 23:00:00,26.959166,55.885513
"457",2020-04-29 00:00:00,26.89419,62.062843
"458",2020-04-29 01:00:00,21.897945,62.59243
"459",2020-04-29 02:00:00,18.35647,64.440025
"460",2020-04-29 03:00:00,15.379206,69.443954
"461",2020-04-29 04:00:00,10.8955765,82.40536
"462",2020-04-29 05:00:00,8.161764,131.42366
"463",2020-04-29 06:00:00,11.966953,158.83875
"464",2020-04-29 07:00:00,11.966953,158.83875
"465",2020-04-29 08:00:00,11.183201,146.82149
"466",2020-04-29 09:00:00,11.770403,156.5713
"467",2020-04-29 10:00:00,13.556282,190.71312
"468",2020-04-29 11:00:00,14.386494,211.70143
"469",2020-04-29 12:00:00,12.594856,239.03625
"470",2020-04-29 13:00:00,12.303366,290.55603
"471",2020-04-29 14:00:00,21.659918,344.57782
"472",2020-04-29 15:00:00,25.562534,359.19308
"473",2020-04-29 16:00:00,24.905132,4.144623
"474",2020-04-29 17:00:00,25.40743,20.746078
"475",2020-04-29 18:00:00,23.507753,27.349869
"476",2020-04-29 19:00:00,23.740902,40.695526
"477",2020-04-29 20:00:00,22.218153,26.980225
"478",2020-04-29 21:00:00,22.218153,40.399902
"479",2020-04-29 22:00:00,21.94524,48.990906
"480",2020-04-29 23:00:00,20.808498,52.73359
"481",2020-04-30 00:00:00,21.26744,56.04094
"482",2020-04-30 01:00:00,24.48,61.927513
"483",2020-04-30 02:00:00,23.598541,68.52319
"484",2020-04-30 03:00:00,20.620806,73.77981
"485",2020-04-30 04:00:00,12.879752,63.43495
"486",2020-04-30 05:00:00,12.413477,29.538757
"487",2020-04-30 06:00:00,15.844089,21.317917
"488",2020-04-30 07:00:00,19.44,360
"489",2020-04-30 08:00:00,18.792551,20.170639
"490",2020-04-30 09:00:00,19.914217,12.528793
"491",2020-04-30 10:00:00,20.570463,4.0141754
"492",2020-04-30 11:00:00,26.28,360
"493",2020-04-30 12:00:00,31.338614,1.9749298
"494",2020-04-30 13:00:00,34.92742,1.1811981
"495",2020-04-30 14:00:00,36.016193,1.7183685
"496",2020-04-30 15:00:00,36.764088,2.8063507
"497",2020-04-30 16:00:00,34.428497,6.6048126
"498",2020-04-30 17:00:00,32.023815,8.403351
"499",2020-04-30 18:00:00,29.17777,9.229889
"500",2020-04-30 19:00:00,27.288855,8.343887
"501",2020-04-30 20:00:00,26.576681,8.569138
"502",2020-04-30 21:00:00,22.881956,12.724335
"503",2020-04-30 22:00:00,19.93048,16.798355
"504",2020-04-30 23:00:00,18.455048,20.55603
"505",2020-05-01 00:00:00,17.782688,21.370605
"506",2020-05-01 01:00:00,17.709658,26.565033
"507",2020-05-01 02:00:00,17.873556,34.330215
"508",2020-05-01 03:00:00,17.49615,36.63411
"509",2020-05-01 04:00:00,16.595179,40.601288
"510",2020-05-01 05:00:00,15.021105,44.028976
"511",2020-05-01 06:00:00,13.746156,44.999985
"512",2020-05-01 07:00:00,12.218805,44.999985
"513",2020-05-01 08:00:00,15.459054,27.75853
"514",2020-05-01 09:00:00,14.20062,30.465546
"515",2020-05-01 10:00:00,16.09969,26.565033
"516",2020-05-01 11:00:00,20.056877,21.037506
"517",2020-05-01 12:00:00,23.110205,18.15271
"518",2020-05-01 13:00:00,25.501621,18.946503
"519",2020-05-01 14:00:00,27.219902,20.112595
"520",2020-05-01 15:00:00,29.157776,20.224854
"521",2020-05-01 16:00:00,29.882166,21.92958
"522",2020-05-01 17:00:00,30.599998,25.057602
"523",2020-05-01 18:00:00,29.69727,30.6064
"524",2020-05-01 19:00:00,28.227304,37.746796
"525",2020-05-01 20:00:00,23.584808,31.263718
"526",2020-05-01 21:00:00,22.682856,35.96051
"527",2020-05-01 22:00:00,22.159746,43.025055
"528",2020-05-01 23:00:00,23.000591,50.079605
"529",2020-05-02 00:00:00,22.682856,54.039474
"530",2020-05-02 01:00:00,23.773632,57.994614
"531",2020-05-02 02:00:00,22.288042,58.877518
"532",2020-05-02 03:00:00,21.749483,61.31385
"533",2020-05-02 04:00:00,19.652176,61.557068
"534",2020-05-02 05:00:00,16.489416,53.88066
"535",2020-05-02 06:00:00,14.904173,52.853302
"536",2020-05-02 07:00:00,14.77755,55.922806
"537",2020-05-02 08:00:00,9.19939,59.42076
"538",2020-05-02 09:00:00,11.384198,55.304832
"539",2020-05-02 10:00:00,11.090103,54.2461
"540",2020-05-02 11:00:00,13.493999,46.080917
"541",2020-05-02 12:00:00,15.696165,36.60707
"542",2020-05-02 13:00:00,18.720001,22.619858
"543",2020-05-02 14:00:00,21.398056,12.633362
"544",2020-05-02 15:00:00,26.121714,7.125
"545",2020-05-02 16:00:00,28.227306,5.856003
"546",2020-05-02 17:00:00,30.54701,8.130096
"547",2020-05-02 18:00:00,29.888672,9.008499
"548",2020-05-02 19:00:00,29.379177,17.102722
"549",2020-05-02 20:00:00,26.7565,23.805923
"550",2020-05-02 21:00:00,26.486313,31.097305
"551",2020-05-02 22:00:00,26.459387,33.906265
"552",2020-05-02 23:00:00,26.552288,40.601288
"553",2020-05-03 00:00:00,22.915916,46.27301
"554",2020-05-03 01:00:00,20.188908,58.861015
"555",2020-05-03 02:00:00,16.055353,70.346176
"556",2020-05-03 03:00:00,14.24163,69.274445
"557",2020-05-03 04:00:00,12.287555,58.17256
"558",2020-05-03 05:00:00,13.18308,55.007973
"559",2020-05-03 06:00:00,12.879752,63.43495
"560",2020-05-03 07:00:00,10.182337,81.869896
"561",2020-05-03 08:00:00,9.6932955,105.06849
"562",2020-05-03 09:00:00,8.0899935,122.27564
"563",2020-05-03 10:00:00,6.792466,147.99461
"564",2020-05-03 11:00:00,3.7585104,106.69924
"565",2020-05-03 12:00:00,5.5887027,75.06858
"566",2020-05-03 13:00:00,10.787993,25.709946
"567",2020-05-03 14:00:00,17.673029,356.4965
"568",2020-05-03 15:00:00,24.490587,358.3153
"569",2020-05-03 16:00:00,26.576681,8.569138
"570",2020-05-03 17:00:00,28.241076,11.023453
"571",2020-05-03 18:00:00,27.558228,19.85521
"572",2020-05-03 19:00:00,26.674032,21.370605
"573",2020-05-03 20:00:00,27.381308,24.880356
"574",2020-05-03 21:00:00,29.515608,30.004913
"575",2020-05-03 22:00:00,27.959743,34.508514
"576",2020-05-03 23:00:00,24.951921,43.830856
"577",2020-05-05 00:00:00,25.809765,67.011284
"578",2020-05-05 01:00:00,25.40743,69.253914
"579",2020-05-05 02:00:00,24.144167,69.9439
"580",2020-05-05 03:00:00,20.620806,73.77981
"581",2020-05-05 04:00:00,15.629972,82.056526
"582",2020-05-05 05:00:00,9.659814,116.56505
"583",2020-05-05 06:00:00,9.504273,155.37643
"584",2020-05-05 07:00:00,3.8939953,146.30994
"585",2020-05-05 08:00:00,6.193674,144.46231
"586",2020-05-05 09:00:00,7.9036193,149.93141
"587",2020-05-05 10:00:00,7.145796,139.08562
"588",2020-05-05 11:00:00,8.766573,109.17901
"589",2020-05-05 12:00:00,12.224107,103.62699
"590",2020-05-05 13:00:00,14.973576,99.68878
"591",2020-05-05 14:00:00,14.869351,83.047035
"592",2020-05-05 15:00:00,20.304129,37.07306
"593",2020-05-05 16:00:00,27.598173,30.579224
"594",2020-05-05 17:00:00,29.6383,40.07289
"595",2020-05-05 18:00:00,27.609911,39.7099
"596",2020-05-05 19:00:00,26.42753,37.80652
"597",2020-05-05 20:00:00,23.993399,27.71849
"598",2020-05-05 21:00:00,20.08916,36.25383
"599",2020-05-05 22:00:00,20.523157,37.87497
"600",2020-05-05 23:00:00,22.159746,46.97493
"601",2020-05-06 00:00:00,26.178707,58.495735
"602",2020-05-06 01:00:00,26.903828,65.49259
"603",2020-05-06 02:00:00,20.94507,61.232346
"604",2020-05-06 03:00:00,20.3774,57.994614
"605",2020-05-06 04:00:00,16.704155,52.88314
"606",2020-05-06 05:00:00,14.081477,57.5288
"607",2020-05-06 06:00:00,10.028439,68.96249
"608",2020-05-06 07:00:00,5.506941,101.30993
"609",2020-05-06 08:00:00,2.1897945,170.53767
"610",2020-05-06 09:00:00,5.1544156,102.09476
"611",2020-05-06 10:00:00,4.6938252,85.60129
"612",2020-05-06 11:00:00,5.6233797,230.19443
"613",2020-05-06 12:00:00,4.6800003,292.61987
"614",2020-05-06 13:00:00,6.9247384,332.10272
"615",2020-05-06 14:00:00,6.162207,353.29016
"616",2020-05-06 15:00:00,4.8965297,323.97263
"617",2020-05-06 16:00:00,7.4128532,330.94543
"618",2020-05-06 17:00:00,8.891344,338.6294
"619",2020-05-06 18:00:00,11.159999,360
"620",2020-05-06 19:00:00,13.207634,17.44719
"621",2020-05-06 20:00:00,10.799999,360
"622",2020-05-06 21:00:00,15.281989,15.018356
"623",2020-05-06 22:00:00,18.03237,26.053482
"624",2020-05-06 23:00:00,23.675303,44.38394
"625",2020-05-07 00:00:00,30.77105,61.336037
"626",2020-05-07 01:00:00,30.378967,49.325043
"627",2020-05-07 02:00:00,28.165257,54.887978
"628",2020-05-07 03:00:00,26.368616,57.82878
"629",2020-05-07 04:00:00,23.928492,44.999985
"630",2020-05-07 05:00:00,19.770523,33.111343
"631",2020-05-07 06:00:00,20.00512,30.256424
"632",2020-05-07 07:00:00,20.00512,30.256424
"633",2020-05-07 08:00:00,16.766108,75.06858
"634",2020-05-07 09:00:00,20.418695,80.86982
"635",2020-05-07 10:00:00,17.057314,82.725
"636",2020-05-07 11:00:00,17.25373,66.64443
"637",2020-05-07 12:00:00,19.602652,44.25592
"638",2020-05-07 13:00:00,23.469128,32.47119
"639",2020-05-07 14:00:00,23.710857,30.068573
"640",2020-05-07 15:00:00,25.944988,29.05458
"641",2020-05-07 16:00:00,27.21038,25.887024
"642",2020-05-07 17:00:00,29.301876,26.250244
"643",2020-05-07 18:00:00,28.84721,29.124039
"644",2020-05-07 19:00:00,27.859905,32.868683
"645",2020-05-07 20:00:00,27.162708,34.74318
"646",2020-05-07 21:00:00,23.469128,41.268585
"647",2020-05-07 22:00:00,20.620804,45.70732
"648",2020-05-07 23:00:00,21.142147,47.070007
"649",2020-05-08 00:00:00,21.94524,48.990906
"650",2020-05-08 01:00:00,19.914215,49.398697
"651",2020-05-08 02:00:00,16.870138,50.194427
"652",2020-05-08 03:00:00,16.595179,49.398697
"653",2020-05-08 04:00:00,13.830749,51.34018
"654",2020-05-08 05:00:00,10.44,46.397186
"655",2020-05-08 06:00:00,9.931042,46.468796
"656",2020-05-08 07:00:00,11.440978,77.27564
"657",2020-05-08 08:00:00,16.62249,107.650116
"658",2020-05-08 09:00:00,20.991426,112.16634
"659",2020-05-08 10:00:00,18.331741,109.50244
"660",2020-05-08 11:00:00,17.163355,99.65989
"661",2020-05-08 12:00:00,17.373497,95.94686
"662",2020-05-08 13:00:00,15.188415,84.55967
"663",2020-05-08 14:00:00,16.299694,46.789917
"664",2020-05-08 15:00:00,26.405453,25.866348
"665",2020-05-08 16:00:00,28.51282,37.30394
"666",2020-05-08 17:00:00,27.06472,28.610443
"667",2020-05-08 18:00:00,25.809765,30.141388
"668",2020-05-08 19:00:00,27.288855,36.41638
"669",2020-05-08 20:00:00,20.898613,42.20729
"670",2020-05-08 21:00:00,22.66857,57.319443
"671",2020-05-08 22:00:00,24.967497,61.587326
"672",2020-05-08 23:00:00,27.416782,66.8014
"673",2020-05-09 00:00:00,27.766712,76.504265
"674",2020-05-09 01:00:00,23.157824,78.3407
"675",2020-05-09 02:00:00,22.086521,70.97439
"676",2020-05-09 03:00:00,23.042812,61.032333
"677",2020-05-09 04:00:00,22.9724,57.80426
"678",2020-05-09 05:00:00,21.129885,66.92959
"679",2020-05-09 06:00:00,20.172853,92.0454
"680",2020-05-09 07:00:00,20.730501,110.323135
"681",2020-05-09 08:00:00,5.692099,124.69515
"682",2020-05-09 09:00:00,1.9386592,68.19859
"683",2020-05-09 10:00:00,5.2416787,344.0546
"684",2020-05-09 11:00:00,6.618519,315
"685",2020-05-09 12:00:00,11.609651,330.25513
"686",2020-05-09 13:00:00,15.175612,337.6938
"687",2020-05-09 14:00:00,13.797912,352.50415
"688",2020-05-09 15:00:00,14.003029,342.03088
"689",2020-05-09 16:00:00,15.94601,331.69925
"690",2020-05-09 17:00:00,21.479664,320.44034
"691",2020-05-09 18:00:00,17.22742,333.9704
"692",2020-05-09 19:00:00,18.514643,333.43497
"693",2020-05-09 20:00:00,20.730501,339.67688
"694",2020-05-09 21:00:00,17.727943,330.8324
"695",2020-05-09 22:00:00,25.284714,331.97552
"696",2020-05-09 23:00:00,26.368616,345.77405
"697",2020-05-10 00:00:00,23.377836,350.24756
"698",2020-05-10 01:00:00,26.437336,353.74597
"699",2020-05-10 02:00:00,23.803596,356.5318
"700",2020-05-10 03:00:00,19.829433,3.122116
"701",2020-05-10 04:00:00,16.56,360
"702",2020-05-10 05:00:00,15.893093,346.90814
"703",2020-05-10 06:00:00,15.509274,338.1986
"704",2020-05-10 07:00:00,12.979984,326.30994
"705",2020-05-10 08:00:00,15.696165,323.39294
"706",2020-05-10 09:00:00,16.870138,320.19443
"707",2020-05-10 10:00:00,17.884428,319.8991
"708",2020-05-10 11:00:00,19.95972,320.85602
"709",2020-05-10 12:00:00,22.97522,324.5667
"710",2020-05-10 13:00:00,27.859905,327.13132
"711",2020-05-10 14:00:00,30.141266,330.67953
"712",2020-05-10 15:00:00,32.714474,335.9735
"713",2020-05-10 16:00:00,31.65135,340.74072
"714",2020-05-10 17:00:00,30.385365,346.29303
"715",2020-05-10 18:00:00,27.288855,351.65613
"716",2020-05-10 19:00:00,24.522316,356.63354
"717",2020-05-10 20:00:00,20.545246,348.88696
"718",2020-05-10 21:00:00,16.700275,352.5686
"719",2020-05-10 22:00:00,15.5843,353.3675
"720",2020-05-10 23:00:00,16.09969,349.69516
"721",2020-05-11 00:00:00,16.766108,345.0686
"722",2020-05-11 01:00:00,17.76081,342.29956
"723",2020-05-11 02:00:00,18.861387,346.7595
"724",2020-05-11 03:00:00,17.935081,349.5923
"725",2020-05-11 04:00:00,16.09969,349.69516
"726",2020-05-11 05:00:00,16.676977,346.26373
"727",2020-05-11 06:00:00,16.676977,346.26373
"728",2020-05-11 07:00:00,14.561099,351.46924
"729",2020-05-11 08:00:00,14.332341,348.40784
"730",2020-05-11 09:00:00,14.799459,355.81506
"731",2020-05-11 10:00:00,14.081478,4.398697
"732",2020-05-11 11:00:00,14.205182,8.74614
"733",2020-05-11 12:00:00,14.205182,8.74614
"734",2020-05-11 13:00:00,18.129137,6.8427734
"735",2020-05-11 14:00:00,21.897945,9.462311
"736",2020-05-11 15:00:00,23.441502,10.619659
"737",2020-05-11 16:00:00,24.64094,11.802444
"738",2020-05-11 17:00:00,25.516865,16.389526
"739",2020-05-11 18:00:00,24.315327,25.42688
"740",2020-05-11 19:00:00,24.651457,28.810776
"741",2020-05-11 20:00:00,22.782625,31.42955
"742",2020-05-11 21:00:00,21.385939,36.09828
"743",2020-05-11 22:00:00,19.513195,37.504135
"744",2020-05-11 23:00:00,19.174856,39.66783
"745",2020-05-12 00:00:00,18.391737,40.236343
"746",2020-05-12 01:00:00,18.161278,39.36931
"747",2020-05-12 02:00:00,17.654688,39.2072
"748",2020-05-12 03:00:00,17.429354,38.290146
"749",2020-05-12 04:00:00,15.629971,38.45369
"750",2020-05-12 05:00:00,14.186923,35.70668
"751",2020-05-12 06:00:00,12.819235,38.157227
"752",2020-05-12 07:00:00,11.246759,39.805573
"753",2020-05-12 08:00:00,9.931042,46.468796
"754",2020-05-12 09:00:00,9.290511,54.46232
"755",2020-05-12 10:00:00,9.021574,61.38954
"756",2020-05-12 11:00:00,8.435069,50.194427
"757",2020-05-12 12:00:00,9.693296,31.32869
"758",2020-05-12 13:00:00,15.315873,23.552261
"759",2020-05-12 14:00:00,19.255793,20.806778
"760",2020-05-12 15:00:00,21.659916,21.447723
"761",2020-05-12 16:00:00,22.553934,24.519638
"762",2020-05-12 17:00:00,24.162947,24.655884
"763",2020-05-12 18:00:00,24.33664,29.219238
"764",2020-05-12 19:00:00,25.77962,35.909714
"765",2020-05-12 20:00:00,25.582806,39.2894
"766",2020-05-12 21:00:00,26.518099,41.69812
"767",2020-05-12 22:00:00,26.230639,43.33165
"768",2020-05-12 23:00:00,26.28,48.887894
