"","timestamp","Samahil.Wind.Speed..80.m.","Samahil.Wind.Direction..80.m."
"1",2020-04-14 00:00:00,13.397612,83.82981
"2",2020-04-14 01:00:00,16.279802,108.03428
"3",2020-04-14 02:00:00,18.709612,120.01836
"4",2020-04-14 03:00:00,20.883102,125.88214
"5",2020-04-14 04:00:00,21.252197,128.81139
"6",2020-04-14 05:00:00,21.986542,129.68546
"7",2020-04-14 06:00:00,21.38897,133.63608
"8",2020-04-14 07:00:00,21.915691,137.663
"9",2020-04-14 08:00:00,22.26477,140.90614
"10",2020-04-14 09:00:00,22.768396,145.30484
"11",2020-04-14 10:00:00,20.68356,148.52316
"12",2020-04-14 11:00:00,19.08,148.1092
"13",2020-04-14 12:00:00,16.75064,151.78264
"14",2020-04-14 13:00:00,13.089354,148.49573
"15",2020-04-14 14:00:00,11.435313,151.82141
"16",2020-04-14 15:00:00,8.557102,157.75098
"17",2020-04-14 16:00:00,1.08,180
"18",2020-04-14 17:00:00,17.31746,339.30457
"19",2020-04-14 18:00:00,19.48661,348.2749
"20",2020-04-14 19:00:00,17.106628,351.52887
"21",2020-04-14 20:00:00,15.84409,358.69806
"22",2020-04-14 21:00:00,13.910169,10.437485
"23",2020-04-14 22:00:00,10.630672,28.30075
"24",2020-04-14 23:00:00,8.78872,55.007973
"25",2020-04-15 00:00:00,10.08,89.99999
"26",2020-04-15 01:00:00,14.77755,124.077194
"27",2020-04-15 02:00:00,19.09358,134.2361
"28",2020-04-15 03:00:00,20.12461,132.82526
"29",2020-04-15 04:00:00,19.35314,136.50743
"30",2020-04-15 05:00:00,18.626305,138.91824
"31",2020-04-15 06:00:00,18.626305,138.91824
"32",2020-04-15 07:00:00,20.240198,141.49934
"33",2020-04-15 08:00:00,15.941944,154.59229
"34",2020-04-15 09:00:00,15.484185,162.40758
"35",2020-04-15 10:00:00,12.324414,173.29016
"36",2020-04-15 11:00:00,9.726665,182.1211
"37",2020-04-15 12:00:00,5.95906,205.01689
"38",2020-04-15 13:00:00,5.00128,239.74356
"39",2020-04-15 14:00:00,5.4477882,277.59464
"40",2020-04-15 15:00:00,10.685391,327.38077
"41",2020-04-15 16:00:00,16.92383,336.16125
"42",2020-04-15 17:00:00,18.892282,329.03625
"43",2020-04-15 18:00:00,17.555307,331.8584
"44",2020-04-15 19:00:00,17.533146,340.82098
"45",2020-04-15 20:00:00,16.981165,355.1355
"46",2020-04-15 21:00:00,15.315873,23.552261
"47",2020-04-15 22:00:00,14.255272,44.999985
"48",2020-04-15 23:00:00,13.584932,57.994614
"49",2020-04-16 00:00:00,11.440979,65.854454
"50",2020-04-16 01:00:00,10.137692,73.495636
"51",2020-04-16 02:00:00,9.107359,71.56504
"52",2020-04-16 03:00:00,9,73.73979
"53",2020-04-16 04:00:00,10.182337,81.869896
"54",2020-04-16 05:00:00,10.805999,88.09084
"55",2020-04-16 06:00:00,11.252519,97.35238
"56",2020-04-16 07:00:00,11.119281,119.054596
"57",2020-04-16 08:00:00,6.193674,125.537674
"58",2020-04-16 09:00:00,7.8954163,133.15239
"59",2020-04-16 10:00:00,8.161764,138.57634
"60",2020-04-16 11:00:00,6.3690495,132.70938
"61",2020-04-16 12:00:00,4.0249224,116.56505
"62",2020-04-16 13:00:00,2.52,89.99999
"63",2020-04-16 14:00:00,3.6,36.86989
"64",2020-04-16 15:00:00,14.4,360
"65",2020-04-16 16:00:00,22.392462,4.6106415
"66",2020-04-16 17:00:00,21.322214,11.689362
"67",2020-04-16 18:00:00,21.068459,19.983109
"68",2020-04-16 19:00:00,22.288042,31.122467
"69",2020-04-16 20:00:00,21.817902,37.626236
"70",2020-04-16 21:00:00,20.633371,47.121094
"71",2020-04-16 22:00:00,19.008545,52.696053
"72",2020-04-16 23:00:00,16.78156,67.28559
"73",2020-04-17 00:00:00,14.799459,85.81509
"74",2020-04-17 01:00:00,14.917212,98.32565
"75",2020-04-17 02:00:00,16.1198,113.702644
"76",2020-04-17 03:00:00,19.201874,120.41107
"77",2020-04-17 04:00:00,20.46941,124.24903
"78",2020-04-17 05:00:00,21.028437,128.04704
"79",2020-04-17 06:00:00,21.437386,130.91438
"80",2020-04-17 07:00:00,21.897945,133.66777
"81",2020-04-17 08:00:00,19.107151,137.2906
"82",2020-04-17 09:00:00,19.406637,139.51399
"83",2020-04-17 10:00:00,18.440998,141.34018
"84",2020-04-17 11:00:00,16.363178,140.35582
"85",2020-04-17 12:00:00,15.281989,136.90915
"86",2020-04-17 13:00:00,14.773164,133.02505
"87",2020-04-17 14:00:00,14.4,126.869896
"88",2020-04-17 15:00:00,13.896187,126.57303
"89",2020-04-17 16:00:00,11.983188,122.73523
"90",2020-04-17 17:00:00,8.557102,104.620865
"91",2020-04-17 18:00:00,6.989936,55.491463
"92",2020-04-17 19:00:00,11.113451,24.904755
"93",2020-04-17 20:00:00,15.03835,11.040939
"94",2020-04-17 21:00:00,12.7279215,28.739777
"95",2020-04-17 22:00:00,13.684735,88.49257
"96",2020-04-17 23:00:00,23.233252,130.60129
"97",2020-04-18 00:00:00,22.545315,128.51692
"98",2020-04-18 01:00:00,22.183128,131.71075
"99",2020-04-18 02:00:00,21.650938,132.97864
"100",2020-04-18 03:00:00,20.620804,134.29268
"101",2020-04-18 04:00:00,19.107151,137.2906
"102",2020-04-18 05:00:00,17.581125,137.48955
"103",2020-04-18 06:00:00,17.072504,137.56377
"104",2020-04-18 07:00:00,16.563911,137.64255
"105",2020-04-18 08:00:00,16.92383,141.91122
"106",2020-04-18 09:00:00,18.440998,141.34018
"107",2020-04-18 10:00:00,17.935081,141.5198
"108",2020-04-18 11:00:00,17.610588,139.14462
"109",2020-04-18 12:00:00,16.29174,135
"110",2020-04-18 13:00:00,16.055355,132.27368
"111",2020-04-18 14:00:00,15.03835,132.08916
"112",2020-04-18 15:00:00,14.529915,131.98721
"113",2020-04-18 16:00:00,13.513193,131.7603
"114",2020-04-18 17:00:00,12.287555,121.82744
"115",2020-04-18 18:00:00,9.72,89.99999
"116",2020-04-18 19:00:00,12.475961,43.830856
"117",2020-04-18 20:00:00,14.24163,20.725555
"118",2020-04-18 21:00:00,15.03835,78.95905
"119",2020-04-18 22:00:00,25.63847,128.15723
"120",2020-04-18 23:00:00,26.66188,124.54836
"121",2020-04-19 00:00:00,26.044699,130.51538
"122",2020-04-19 01:00:00,26.009844,131.63353
"123",2020-04-19 02:00:00,24.195107,133.19125
"124",2020-04-19 03:00:00,22.915916,133.72697
"125",2020-04-19 04:00:00,21.129883,134.30972
"126",2020-04-19 05:00:00,20.111729,135.72522
"127",2020-04-19 06:00:00,18.837324,135
"128",2020-04-19 07:00:00,18.837324,135
"129",2020-04-19 08:00:00,20.592503,143.53076
"130",2020-04-19 09:00:00,22.89611,143.31027
"131",2020-04-19 10:00:00,23.565569,145.58163
"132",2020-04-19 11:00:00,24.162947,146.54669
"133",2020-04-19 12:00:00,22.86496,146.56013
"134",2020-04-19 13:00:00,22.104116,149.67639
"135",2020-04-19 14:00:00,20.929594,153.43495
"136",2020-04-19 15:00:00,20.140705,155.72556
"137",2020-04-19 16:00:00,18.86139,156.37062
"138",2020-04-19 17:00:00,17.87718,154.98311
"139",2020-04-19 18:00:00,15.459054,152.24146
"140",2020-04-19 19:00:00,10.805998,150.01836
"141",2020-04-19 20:00:00,13.896187,343.44293
"142",2020-04-19 21:00:00,7.9932976,7.765167
"143",2020-04-19 22:00:00,8.534353,62.354027
"144",2020-04-19 23:00:00,16.870138,140.19443
"145",2020-04-20 00:00:00,19.453327,141.009
"146",2020-04-20 01:00:00,19.134262,138.81407
"147",2020-04-20 02:00:00,18.723461,142.0284
"148",2020-04-20 03:00:00,18.79255,143.56914
"149",2020-04-20 04:00:00,17.713316,142.43141
"150",2020-04-20 05:00:00,17.610588,139.14462
"151",2020-04-20 06:00:00,17.566378,135.83032
"152",2020-04-20 07:00:00,17.826363,133.36342
"153",2020-04-20 08:00:00,14.4,143.1301
"154",2020-04-20 09:00:00,15.876775,147.0306
"155",2020-04-20 10:00:00,12.387348,144.46231
"156",2020-04-20 11:00:00,9,143.1301
"157",2020-04-20 12:00:00,6.6087217,150.64224
"158",2020-04-20 13:00:00,1.2979984,146.30994
"159",2020-04-20 14:00:00,2.8799999,360
"160",2020-04-20 15:00:00,10.948973,350.5377
"161",2020-04-20 16:00:00,21.313093,344.3205
"162",2020-04-20 17:00:00,21.129883,346.2005
"163",2020-04-20 18:00:00,19.602652,352.61398
"164",2020-04-20 19:00:00,18.72346,1.1016998
"165",2020-04-20 20:00:00,19.416653,10.684891
"166",2020-04-20 21:00:00,18.11841,40.971725
"167",2020-04-20 22:00:00,16.923828,60.708633
"168",2020-04-20 23:00:00,15.175612,67.693794
"169",2020-04-21 00:00:00,12.245293,65.69545
"170",2020-04-21 01:00:00,11.753877,62.65013
"171",2020-04-21 02:00:00,11.384199,71.56504
"172",2020-04-21 03:00:00,12.015589,81.38435
"173",2020-04-21 04:00:00,12.245294,91.68468
"174",2020-04-21 05:00:00,12.661564,104.82648
"175",2020-04-21 06:00:00,14.689588,126.027374
"176",2020-04-21 07:00:00,16.199999,126.869896
"177",2020-04-21 08:00:00,16.548256,134.11859
"178",2020-04-21 09:00:00,16.563911,137.64255
"179",2020-04-21 10:00:00,14.291592,139.08562
"180",2020-04-21 11:00:00,10.948973,136.33221
"181",2020-04-21 12:00:00,6.696387,126.25384
"182",2020-04-21 13:00:00,5.8048253,97.125015
"183",2020-04-21 14:00:00,4.6938257,57.5288
"184",2020-04-21 15:00:00,11.252519,7.352371
"185",2020-04-21 16:00:00,20.545246,11.113037
"186",2020-04-21 17:00:00,22.89611,16.440369
"187",2020-04-21 18:00:00,21.794127,22.32866
"188",2020-04-21 19:00:00,21.897945,27.407562
"189",2020-04-21 20:00:00,21.26744,33.959045
"190",2020-04-21 21:00:00,20.65848,41.467697
"191",2020-04-21 22:00:00,18.626305,48.918243
"192",2020-04-21 23:00:00,16.92383,66.161255
"193",2020-04-20 00:00:00,20.371038,136.4321
"194",2020-04-20 01:00:00,20.188908,140.06361
"195",2020-04-20 02:00:00,19.373219,138.01279
"196",2020-04-20 03:00:00,20.371038,136.4321
"197",2020-04-20 04:00:00,19.602652,134.25594
"198",2020-04-20 05:00:00,20.421871,130.71085
"199",2020-04-20 06:00:00,20.12461,132.82526
"201",2020-04-20 08:00:00,18.11841,139.02826
"202",2020-04-20 09:00:00,15.575981,146.30994
"203",2020-04-20 10:00:00,11.983188,147.26477
"204",2020-04-20 11:00:00,9.085988,146.30994
"205",2020-04-20 12:00:00,5.4833565,156.8014
"206",2020-04-20 13:00:00,2.1897945,260.5377
"207",2020-04-20 14:00:00,3.6,323.13013
"208",2020-04-20 15:00:00,8.766573,340.82098
"209",2020-04-20 16:00:00,16.965895,342.7185
"210",2020-04-20 17:00:00,20.833395,341.87814
"211",2020-04-20 18:00:00,17.462782,345.6773
"212",2020-04-20 19:00:00,17.643673,358.83087
"213",2020-04-20 20:00:00,16.454008,10.080597
"214",2020-04-20 21:00:00,15.463246,24.775131
"215",2020-04-20 22:00:00,16.548256,45.88138
"216",2020-04-20 23:00:00,15.7908325,65.772255
"217",2020-04-21 00:00:00,13.441071,69.62356
"218",2020-04-21 01:00:00,12.768586,68.49856
"219",2020-04-21 02:00:00,12.0694,72.64597
"221",2020-04-21 04:00:00,12.24,89.99999
"222",2020-04-21 05:00:00,13.009903,104.42077
"223",2020-04-21 06:00:00,14.386494,121.70142
"225",2020-04-21 08:00:00,13.324863,128.41805
"226",2020-04-21 09:00:00,13.783817,130.76361
"227",2020-04-21 10:00:00,13.104198,127.1847
"228",2020-04-21 11:00:00,11.4862,122.19573
"229",2020-04-21 12:00:00,10.163227,112.9321
"230",2020-04-21 13:00:00,8.4042845,99.86581
"231",2020-04-21 14:00:00,6.924738,81.02737
"232",2020-04-21 15:00:00,8.4963045,36.38434
"233",2020-04-21 16:00:00,16.520823,11.309921
"234",2020-04-21 17:00:00,23.587555,15.945404
"235",2020-04-21 18:00:00,22.7057,25.34616
"236",2020-04-21 19:00:00,21.924562,29.51149
"237",2020-04-21 20:00:00,22.89611,36.689713
"238",2020-04-21 21:00:00,20.65848,48.532303
"239",2020-04-21 22:00:00,17.727943,60.832375
"240",2020-04-21 23:00:00,16.808569,80.134186
"241",2020-04-22 00:00:00,17.462782,104.322716
"242",2020-04-22 01:00:00,21.900904,115.301384
"243",2020-04-22 02:00:00,20.608229,117.012665
"244",2020-04-22 03:00:00,20.288164,117.474434
"245",2020-04-22 04:00:00,19.513195,119.87599
"246",2020-04-22 05:00:00,19.201874,120.41107
"247",2020-04-22 06:00:00,18.218275,119.60445
"248",2020-04-22 07:00:00,18.218275,119.60445
"249",2020-04-22 08:00:00,15.629971,118.92642
"250",2020-04-22 09:00:00,18.079027,125.27242
"251",2020-04-22 10:00:00,21.252197,128.81139
"252",2020-04-22 11:00:00,21.437386,130.91438
"253",2020-04-22 12:00:00,20.421871,130.71085
"254",2020-04-22 13:00:00,19.681828,129.80557
"255",2020-04-22 14:00:00,20.188908,129.93637
"256",2020-04-22 15:00:00,19.95972,129.14398
"257",2020-04-22 16:00:00,20.696087,130.06079
"258",2020-04-22 17:00:00,20.696087,130.06079
"259",2020-04-22 18:00:00,22.45315,131.0995
"260",2020-04-22 19:00:00,25.264202,130.9555
"261",2020-04-22 20:00:00,27.661497,128.6598
"262",2020-04-22 21:00:00,31.32207,127.52844
"263",2020-04-22 22:00:00,31.542658,128.04704
"264",2020-04-22 23:00:00,30.61482,131.18591
"265",2020-04-23 00:00:00,28.019936,132.91743
"266",2020-04-23 01:00:00,26.230639,133.33167
"267",2020-04-23 02:00:00,24.951921,133.83086
"268",2020-04-23 03:00:00,24.693481,134.40935
"269",2020-04-23 04:00:00,24.703974,136.77147
"270",2020-04-23 05:00:00,23.933908,136.21887
"271",2020-04-23 06:00:00,23.928492,135
"272",2020-04-23 07:00:00,25.212852,136.7357
"273",2020-04-23 08:00:00,26.649727,141.58194
"274",2020-04-23 09:00:00,27.579382,144.02762
"275",2020-04-23 10:00:00,26.064596,147.40741
"276",2020-04-23 11:00:00,25.006397,149.74356
"277",2020-04-23 12:00:00,23.532547,150.68999
"278",2020-04-23 13:00:00,22.057161,153.85315
"279",2020-04-23 14:00:00,19.855558,157.61987
"280",2020-04-23 15:00:00,17.31746,159.30455
"281",2020-04-23 16:00:00,14.494192,165.6186
"282",2020-04-23 17:00:00,11.177405,165.06857
"283",2020-04-23 18:00:00,7.628263,160.70996
"284",2020-04-23 19:00:00,5.3517847,137.72632
"285",2020-04-23 20:00:00,11.480557,48.81407
"286",2020-04-23 21:00:00,12.605142,88.36342
"287",2020-04-23 22:00:00,17.22742,116.02959
"288",2020-04-23 23:00:00,25.537172,130.42607
"289",2020-04-24 00:00:00,24.248611,130.78583
"290",2020-04-24 01:00:00,23.424908,133.75464
"291",2020-04-24 02:00:00,23.708124,138.07745
"292",2020-04-24 03:00:00,23.770906,144.86581
"293",2020-04-24 04:00:00,22.59699,149.34933
"294",2020-04-24 05:00:00,21.42227,155.15761
"295",2020-04-24 06:00:00,19.469975,160.55997
"296",2020-04-24 07:00:00,15.893093,166.90811
"297",2020-04-24 08:00:00,18.532133,172.18471
"298",2020-04-24 09:00:00,19.48661,168.27489
"299",2020-04-24 10:00:00,18.289274,169.79602
"300",2020-04-24 11:00:00,18.416384,184.4846
"301",2020-04-24 12:00:00,18.043148,208.61046
"302",2020-04-24 13:00:00,20.620804,225.70732
"303",2020-04-24 14:00:00,23.979893,234.16235
"304",2020-04-24 15:00:00,26.42753,232.19348
"305",2020-04-24 16:00:00,24.569836,230.94687
"306",2020-04-24 17:00:00,22.90743,239.80838
"307",2020-04-24 18:00:00,18.681883,244.91641
"308",2020-04-24 19:00:00,13.5515,253.00919
"309",2020-04-24 20:00:00,13.5515,286.99084
"310",2020-04-24 21:00:00,6.638072,12.528809
"311",2020-04-24 22:00:00,8.209263,52.125
"312",2020-04-24 23:00:00,10.144082,62.52556
"313",2020-04-25 00:00:00,12.287555,84.95755
"314",2020-04-25 01:00:00,12.783802,99.72758
"315",2020-04-25 02:00:00,11.841756,109.53665
"316",2020-04-25 03:00:00,12.24,118.07248
"317",2020-04-25 04:00:00,15.124284,128.23383
"318",2020-04-25 05:00:00,17.566378,134.16968
"319",2020-04-25 06:00:00,17.81909,135
"320",2020-04-25 07:00:00,15.281989,133.09085
"321",2020-04-25 08:00:00,14.113652,142.25319
"322",2020-04-25 09:00:00,9.659814,153.43495
"323",2020-04-25 10:00:00,8.825508,168.2317
"324",2020-04-25 11:00:00,6.162207,173.29016
"325",2020-04-25 12:00:00,3.2399998,180
"326",2020-04-25 13:00:00,0.35999998,360
"327",2020-04-25 14:00:00,5.4477882,352.40536
"328",2020-04-25 15:00:00,15.629972,352.05652
"329",2020-04-25 16:00:00,17.294992,357.61407
"330",2020-04-25 17:00:00,16.981165,4.864502
"331",2020-04-25 18:00:00,16.854767,19.983109
"332",2020-04-25 19:00:00,15.94601,28.30075
"333",2020-04-25 20:00:00,16.831684,48.46823
"334",2020-04-25 21:00:00,19.245697,82.47618
"335",2020-04-25 22:00:00,14.77755,92.7927
"336",2020-04-25 23:00:00,15.2947035,116.56505
"337",2020-04-26 00:00:00,15.94601,118.30075
"338",2020-04-26 01:00:00,16.923828,119.29136
"339",2020-04-26 02:00:00,17.673029,123.36636
"340",2020-04-26 03:00:00,19.513195,127.50414
"341",2020-04-26 04:00:00,19.513195,127.50414
"342",2020-04-26 05:00:00,17.713316,127.56859
"343",2020-04-26 06:00:00,14.689588,126.027374
"344",2020-04-26 07:00:00,13.089354,121.50426
"345",2020-04-26 08:00:00,10.587918,125.31121
"346",2020-04-26 09:00:00,10.685391,147.38075
"347",2020-04-26 10:00:00,6.9527545,158.7495
"348",2020-04-26 11:00:00,3.8773184,158.1986
"349",2020-04-26 12:00:00,4.072935,135
"350",2020-04-26 13:00:00,5.4833565,113.19859
"351",2020-04-26 14:00:00,5.0528407,85.91438
"352",2020-04-26 15:00:00,11.720751,10.619659
"353",2020-04-26 16:00:00,21.129885,8.820374
"354",2020-04-26 17:00:00,21.629978,18.434952
"355",2020-04-26 18:00:00,20.61766,24.775131
"356",2020-04-26 19:00:00,20.497883,30.618591
"357",2020-04-26 20:00:00,17.673029,33.36635
"358",2020-04-26 21:00:00,16.418526,37.87497
"359",2020-04-26 22:00:00,15.782622,44.999985
"360",2020-04-26 23:00:00,13.684735,54.637527
"361",2020-04-27 00:00:00,11.503113,69.86369
"362",2020-04-27 01:00:00,12.245294,91.68468
"363",2020-04-27 02:00:00,15.2947035,116.56505
"364",2020-04-27 03:00:00,17.377226,129.95755
"365",2020-04-27 04:00:00,16.363178,129.64417
"366",2020-04-27 05:00:00,15.124284,128.23383
"367",2020-04-27 06:00:00,14.386494,121.70142
"368",2020-04-27 07:00:00,13.979872,124.508514
"369",2020-04-27 08:00:00,14.021525,131.87787
"370",2020-04-27 09:00:00,12.538134,129.17365
"371",2020-04-27 10:00:00,12.768586,130.42607
"372",2020-04-27 11:00:00,12.387348,125.537674
"373",2020-04-27 12:00:00,9.983106,115.64101
"374",2020-04-27 13:00:00,9.605998,102.99461
"375",2020-04-27 14:00:00,10.440001,89.99999
"376",2020-04-27 15:00:00,12.594856,59.036255
"377",2020-04-27 16:00:00,18.59845,42.646698
"378",2020-04-27 17:00:00,22.148046,44.34146
"379",2020-04-27 18:00:00,20.188908,50.063614
"380",2020-04-27 19:00:00,19.107151,47.290604
"381",2020-04-27 20:00:00,18.075441,45.806915
"382",2020-04-27 21:00:00,16.992609,53.61563
"383",2020-04-27 22:00:00,14.973577,62.818893
"384",2020-04-27 23:00:00,14.799459,71.565056
"385",2020-04-26 00:00:00,12.758432,73.61045
"386",2020-04-26 01:00:00,13.084402,97.90716
"387",2020-04-26 02:00:00,17.0763,124.69515
"388",2020-04-26 03:00:00,18.875126,124.9025
"389",2020-04-26 04:00:00,17.713316,127.56859
"390",2020-04-26 05:00:00,16.135872,128.6598
"391",2020-04-26 06:00:00,14.565548,129.98688
"393",2020-04-26 08:00:00,12.181624,124.1597
"394",2020-04-26 09:00:00,11.212135,132.39743
"395",2020-04-26 10:00:00,8.209263,142.12502
"396",2020-04-26 11:00:00,2.3051248,128.6598
"397",2020-04-26 12:00:00,2.8116899,39.805573
"398",2020-04-26 13:00:00,3.4152596,18.434952
"399",2020-04-26 14:00:00,6.379216,16.389526
"400",2020-04-26 15:00:00,12.371645,8.365875
"401",2020-04-26 16:00:00,17.651016,11.76828
"402",2020-04-26 17:00:00,19.809813,19.093475
"403",2020-04-26 18:00:00,17.906157,30.173508
"404",2020-04-26 19:00:00,17.974781,32.735214
"417",2020-04-27 08:00:00,12.496718,138.50352
"418",2020-04-27 09:00:00,13.246826,137.2026
"419",2020-04-27 10:00:00,11.090103,125.75388
"420",2020-04-27 11:00:00,9.904906,109.09349
"421",2020-04-27 12:00:00,8.28,89.99999
"422",2020-04-27 13:00:00,10.239453,79.87532
"423",2020-04-27 14:00:00,12.0694,72.64597
"424",2020-04-27 15:00:00,15.9134655,52.352364
"425",2020-04-27 16:00:00,19.914215,40.601288
"426",2020-04-27 17:00:00,22.26477,39.09384
"427",2020-04-27 18:00:00,21.129883,45.690277
"428",2020-04-27 19:00:00,20.633371,47.121094
"429",2020-04-27 20:00:00,21.889065,53.695488
"430",2020-04-27 21:00:00,21.749483,61.31385
"431",2020-04-27 22:00:00,18.899143,72.255325
"432",2020-04-27 23:00:00,18.709612,78.90628
"433",2020-04-28 00:00:00,18.391735,86.63353
"434",2020-04-28 01:00:00,18.03237,93.433624
"435",2020-04-28 02:00:00,17.106628,98.471146
"436",2020-04-28 03:00:00,16.520823,101.30993
"437",2020-04-28 04:00:00,15.281989,105.01836
"438",2020-04-28 05:00:00,13.797913,105.12401
"439",2020-04-28 06:00:00,13.450708,105.5241
"440",2020-04-28 07:00:00,13.5515,106.99082
"441",2020-04-28 08:00:00,12.904882,112.98871
"442",2020-04-28 09:00:00,15.315873,119.577835
"443",2020-04-28 10:00:00,16.79314,120.96376
"444",2020-04-28 11:00:00,16.78156,125.39479
"445",2020-04-28 12:00:00,15.986593,125.83765
"446",2020-04-28 13:00:00,15.778516,124.77783
"447",2020-04-28 14:00:00,15.077082,123.31062
"448",2020-04-28 15:00:00,13.849477,117.89726
"449",2020-04-28 16:00:00,14.934577,105.37624
"450",2020-04-28 17:00:00,14.84318,104.03624
"451",2020-04-28 18:00:00,18.692286,105.64224
"452",2020-04-28 19:00:00,20.620806,106.22019
"453",2020-04-28 20:00:00,18.782204,77.828545
"454",2020-04-28 21:00:00,20.991426,84.09385
"455",2020-04-28 22:00:00,19.852295,85.84035
"456",2020-04-28 23:00:00,21.322214,101.68936
"457",2020-04-29 00:00:00,19.930477,110.071526
"458",2020-04-29 01:00:00,19.483284,117.51199
"459",2020-04-29 02:00:00,19.513195,119.87599
"460",2020-04-29 03:00:00,18.971008,123.388504
"461",2020-04-29 04:00:00,18,126.869896
"462",2020-04-29 05:00:00,17.935081,128.4802
"463",2020-04-29 06:00:00,17.884428,130.1009
"464",2020-04-29 07:00:00,17.826363,133.36342
"465",2020-04-29 08:00:00,16.831684,138.46823
"466",2020-04-29 09:00:00,19.174856,140.33215
"467",2020-04-29 10:00:00,18.723461,142.0284
"468",2020-04-29 11:00:00,16.641972,141.14662
"469",2020-04-29 12:00:00,14.113652,142.25319
"470",2020-04-29 13:00:00,10.799999,143.1301
"471",2020-04-29 14:00:00,8.217153,151.18921
"472",2020-04-29 15:00:00,5.991594,147.26477
"473",2020-04-29 16:00:00,4.1046314,142.12502
"474",2020-04-29 17:00:00,1.4399999,89.99999
"475",2020-04-29 18:00:00,6.519877,6.340164
"476",2020-04-29 19:00:00,17.227419,10.8403015
"477",2020-04-29 20:00:00,22.884789,19.29004
"478",2020-04-29 21:00:00,20.3774,32.005356
"479",2020-04-29 22:00:00,17.727943,29.167603
"480",2020-04-29 23:00:00,15.192682,36.326813
"481",2020-04-30 00:00:00,11.304229,52.76516
"482",2020-04-30 01:00:00,9.085988,56.30993
"483",2020-04-30 02:00:00,9.983106,64.358986
"484",2020-04-30 03:00:00,10.823973,86.18592
"485",2020-04-30 04:00:00,10.966713,113.19859
"486",2020-04-30 05:00:00,11.457958,133.72697
"487",2020-04-30 06:00:00,9.931042,136.4688
"488",2020-04-30 07:00:00,8.654987,135
"489",2020-04-30 08:00:00,2.8799999,270
"490",2020-04-30 09:00:00,6.638072,310.60132
"491",2020-04-30 10:00:00,10.805998,330.01837
"492",2020-04-30 11:00:00,13.009903,345.57922
"493",2020-04-30 12:00:00,15.517629,356.0091
"494",2020-04-30 13:00:00,19.45333,2.1210938
"495",2020-04-30 14:00:00,19.559633,6.340164
"496",2020-04-30 15:00:00,20.774214,8.972626
"497",2020-04-30 16:00:00,20.696085,13.069305
"498",2020-04-30 17:00:00,21.758419,16.336044
"499",2020-04-30 18:00:00,21.659916,21.447723
"500",2020-04-30 19:00:00,21.897945,27.407562
"501",2020-04-30 20:00:00,19.011953,18.778015
"502",2020-04-30 21:00:00,18.514643,26.565033
"503",2020-04-30 22:00:00,15.986593,35.837646
"504",2020-04-30 23:00:00,13.493999,43.919083
"505",2020-05-01 00:00:00,11.457958,43.726974
"506",2020-05-01 01:00:00,9.449572,40.364532
"507",2020-05-01 02:00:00,7.145796,40.914368
"508",2020-05-01 03:00:00,6.9153743,38.659805
"509",2020-05-01 04:00:00,8.209263,37.87497
"510",2020-05-01 05:00:00,10.233123,39.2894
"511",2020-05-01 06:00:00,11.592894,53.841812
"512",2020-05-01 07:00:00,11.753877,62.65013
"513",2020-05-01 08:00:00,7.653705,48.81407
"514",2020-05-01 09:00:00,9.504272,52.696053
"515",2020-05-01 10:00:00,8.404285,46.735703
"516",2020-05-01 11:00:00,6.9153743,38.659805
"517",2020-05-01 12:00:00,8.161764,41.42366
"518",2020-05-01 13:00:00,10.464797,26.565033
"519",2020-05-01 14:00:00,13.53236,28.610443
"520",2020-05-01 15:00:00,18.681883,25.083572
"521",2020-05-01 16:00:00,20.46941,23.860168
"522",2020-05-01 17:00:00,21.461555,22.693771
"523",2020-05-01 18:00:00,21.2522,26.130997
"524",2020-05-01 19:00:00,21.611996,29.981628
"525",2020-05-01 20:00:00,20.497883,30.618591
"526",2020-05-01 21:00:00,19.681828,39.805573
"527",2020-05-01 22:00:00,17.873556,62.402702
"528",2020-05-01 23:00:00,16.946787,77.73522
"529",2020-05-02 00:00:00,15.683776,80.75388
"530",2020-05-02 01:00:00,15.273505,81.869896
"531",2020-05-02 02:00:00,14.830076,84.4278
"532",2020-05-02 03:00:00,14.830076,84.4278
"533",2020-05-02 04:00:00,14.830076,84.4278
"534",2020-05-02 05:00:00,15.226764,83.21102
"535",2020-05-02 06:00:00,15.124284,88.63607
"536",2020-05-02 07:00:00,15.496736,92.662994
"537",2020-05-02 08:00:00,14.081478,94.398705
"538",2020-05-02 09:00:00,16.454008,100.0806
"539",2020-05-02 10:00:00,14.618837,99.92624
"540",2020-05-02 11:00:00,13.138765,99.46232
"541",2020-05-02 12:00:00,12.324414,96.70984
"542",2020-05-02 13:00:00,11.252519,97.35238
"543",2020-05-02 14:00:00,10.440001,89.99999
"544",2020-05-02 15:00:00,10.24578,71.565056
"545",2020-05-02 16:00:00,14.84318,39.09384
"546",2020-05-02 17:00:00,22.870626,28.178574
"547",2020-05-02 18:00:00,21.767351,34.2157
"548",2020-05-02 19:00:00,23.333443,38.107574
"549",2020-05-02 20:00:00,22.66857,43.069397
"550",2020-05-02 21:00:00,20.88,46.397186
"551",2020-05-02 22:00:00,18.218275,52.22432
"552",2020-05-02 23:00:00,18.057508,66.501434
"553",2020-05-03 00:00:00,15.273505,81.869896
"554",2020-05-03 01:00:00,15.978486,104.34933
"555",2020-05-03 02:00:00,18.193361,117.072075
"556",2020-05-03 03:00:00,18.35647,115.55997
"557",2020-05-03 04:00:00,16.904673,116.56505
"558",2020-05-03 05:00:00,15.978484,112.52056
"559",2020-05-03 06:00:00,15.379206,110.556046
"560",2020-05-03 07:00:00,15.141414,108.00416
"561",2020-05-03 08:00:00,14.84318,112.83366
"562",2020-05-03 09:00:00,15.459054,117.75854
"563",2020-05-03 10:00:00,14.693999,120.963745
"564",2020-05-03 11:00:00,13.363711,117.255325
"565",2020-05-03 12:00:00,12.10157,112.75097
"566",2020-05-03 13:00:00,11.726277,107.87869
"567",2020-05-03 14:00:00,11.177405,104.93142
"568",2020-05-03 15:00:00,10.08,89.99999
"569",2020-05-03 16:00:00,10.966713,66.8014
"570",2020-05-03 17:00:00,15.546833,42.18445
"571",2020-05-03 18:00:00,20.68356,31.476837
"572",2020-05-03 19:00:00,22.45315,41.099487
"573",2020-05-03 20:00:00,19.373219,48.01277
"574",2020-05-03 21:00:00,17.429354,51.70984
"575",2020-05-03 22:00:00,15.0038395,59.74356
"576",2020-05-03 23:00:00,13.905509,68.7495
"577",2020-05-05 00:00:00,13.849477,117.89726
"578",2020-05-05 01:00:00,18.581022,125.537674
"579",2020-05-05 02:00:00,18.58451,121.53479
"580",2020-05-05 03:00:00,18.089775,121.159294
"581",2020-05-05 04:00:00,17.782686,121.759476
"582",2020-05-05 05:00:00,16.485485,121.6075
"583",2020-05-05 06:00:00,15.315873,119.577835
"584",2020-05-05 07:00:00,14.84318,112.83366
"585",2020-05-05 08:00:00,15.315873,119.577835
"586",2020-05-05 09:00:00,16.489416,126.11934
"587",2020-05-05 10:00:00,15.072783,130.15599
"588",2020-05-05 11:00:00,14.565548,129.98688
"589",2020-05-05 12:00:00,12.181624,124.1597
"590",2020-05-05 13:00:00,10.30883,114.77514
"591",2020-05-05 14:00:00,10.24578,108.434944
"592",2020-05-05 15:00:00,9.47012,98.74616
"593",2020-05-05 16:00:00,9.36,89.99999
"594",2020-05-05 17:00:00,11.592894,53.841812
"595",2020-05-05 18:00:00,16.418526,37.87497
"596",2020-05-05 19:00:00,20.466246,39.2894
"597",2020-05-05 20:00:00,23.051247,51.34018
"598",2020-05-05 21:00:00,21.767351,55.784294
"599",2020-05-05 22:00:00,18.35647,64.440025
"600",2020-05-05 23:00:00,15.379206,73.68614
"601",2020-05-06 00:00:00,13.679999,89.99999
"602",2020-05-06 01:00:00,14.168641,117.21611
"603",2020-05-06 02:00:00,16.299694,133.21008
"604",2020-05-06 03:00:00,16.87398,123.69006
"605",2020-05-06 04:00:00,15.459054,117.75854
"606",2020-05-06 05:00:00,14.707222,111.54097
"607",2020-05-06 06:00:00,13.5515,106.99082
"608",2020-05-06 07:00:00,12.57426,103.24051
"609",2020-05-06 08:00:00,11.440978,102.72436
"610",2020-05-06 09:00:00,12.413476,106.8584
"611",2020-05-06 10:00:00,10.636766,113.96249
"612",2020-05-06 11:00:00,8.766573,109.17901
"613",2020-05-06 12:00:00,7.2,89.99999
"614",2020-05-06 13:00:00,8.287822,55.61966
"615",2020-05-06 14:00:00,10.086427,34.824493
"616",2020-05-06 15:00:00,15.379206,20.556046
"617",2020-05-06 16:00:00,20.140705,24.274445
"618",2020-05-06 17:00:00,21.096123,36.674347
"619",2020-05-06 18:00:00,20.12461,42.82524
"620",2020-05-06 19:00:00,20.633371,47.121094
"621",2020-05-06 20:00:00,25.984919,47.245728
"622",2020-05-06 21:00:00,23.83624,64.98311
"623",2020-05-06 22:00:00,17.917007,67.55725
"624",2020-05-06 23:00:00,14.973577,62.818893
"625",2020-05-07 00:00:00,13.70839,60.06849
"626",2020-05-07 01:00:00,13.70839,60.06849
"627",2020-05-07 02:00:00,13.0447235,62.020523
"628",2020-05-07 03:00:00,12.55879,62.70043
"629",2020-05-07 04:00:00,13.202726,64.13365
"630",2020-05-07 05:00:00,12.397806,64.17901
"631",2020-05-07 06:00:00,12.7279215,61.2602
"632",2020-05-07 07:00:00,12.783802,57.652542
"633",2020-05-07 08:00:00,13.18308,55.007973
"634",2020-05-07 09:00:00,14.982228,54.782394
"635",2020-05-07 10:00:00,15.7908325,46.847595
"636",2020-05-07 11:00:00,18.584509,45.784805
"637",2020-05-07 12:00:00,20.620804,45.70732
"638",2020-05-07 13:00:00,22.183128,48.28923
"639",2020-05-07 14:00:00,22.218153,49.600082
"640",2020-05-07 15:00:00,22.406927,46.30194
"641",2020-05-07 16:00:00,21.638964,45.67404
"642",2020-05-07 17:00:00,22.657131,44.356247
"643",2020-05-07 18:00:00,22.406927,46.30194
"644",2020-05-07 19:00:00,23.1774,46.888184
"645",2020-05-07 20:00:00,22.392464,53.49855
"646",2020-05-07 21:00:00,21.578989,62.152412
"647",2020-05-07 22:00:00,20.858265,68.7495
"648",2020-05-07 23:00:00,20.176065,74.47588
"649",2020-05-08 00:00:00,19.416653,79.31509
"650",2020-05-08 01:00:00,18.486622,83.29016
"651",2020-05-08 02:00:00,16.954432,86.34777
"652",2020-05-08 03:00:00,15.84409,88.69804
"653",2020-05-08 04:00:00,14.759999,89.99999
"654",2020-05-08 05:00:00,13.679999,89.99999
"655",2020-05-08 06:00:00,13.004921,94.76365
"656",2020-05-08 07:00:00,12.287555,95.04245
"657",2020-05-08 08:00:00,13.363711,94.63546
"658",2020-05-08 09:00:00,14.332341,101.59217
"659",2020-05-08 10:00:00,13.570615,111.80141
"660",2020-05-08 11:00:00,13.363711,117.255325
"661",2020-05-08 12:00:00,11.983188,122.73523
"662",2020-05-08 13:00:00,10.990322,121.6075
"663",2020-05-08 14:00:00,11.019764,128.36748
"664",2020-05-08 15:00:00,10.464797,130.81508
"665",2020-05-08 16:00:00,10.739832,129.55966
"666",2020-05-08 17:00:00,12.4811535,123.231705
"667",2020-05-08 18:00:00,11.792404,121.26373
"668",2020-05-08 19:00:00,11.753877,117.34987
"669",2020-05-08 20:00:00,16.831684,41.53177
"670",2020-05-08 21:00:00,16.055355,42.27368
"671",2020-05-08 22:00:00,13.37825,66.194046
"672",2020-05-08 23:00:00,12.599999,89.99999
"673",2020-05-09 00:00:00,11.165805,110.772255
"674",2020-05-09 01:00:00,11.183201,123.17851
"675",2020-05-09 02:00:00,11.923557,118.88658
"676",2020-05-09 03:00:00,14.707222,111.54097
"677",2020-05-09 04:00:00,16.62249,107.650116
"678",2020-05-09 05:00:00,15.463244,102.09476
"679",2020-05-09 06:00:00,15.496736,92.662994
"680",2020-05-09 07:00:00,16.215992,92.5448
"681",2020-05-09 08:00:00,14.408997,102.99461
"682",2020-05-09 09:00:00,14.118243,109.35899
"683",2020-05-09 10:00:00,13.708391,113.19859
"684",2020-05-09 11:00:00,17.0763,124.69515
"685",2020-05-09 12:00:00,17.57744,124.99202
"686",2020-05-09 13:00:00,15.379206,122.57405
"687",2020-05-09 14:00:00,17.283749,125.67641
"688",2020-05-09 15:00:00,18.875126,124.9025
"689",2020-05-09 16:00:00,18,126.869896
"690",2020-05-09 17:00:00,16.80857,133.26428
"691",2020-05-09 18:00:00,15.530151,134.0608
"692",2020-05-09 19:00:00,15.782622,135
"693",2020-05-09 20:00:00,11.659777,81.11935
"694",2020-05-09 21:00:00,12.0694,72.64597
"695",2020-05-09 22:00:00,14.05845,92.93567
"696",2020-05-09 23:00:00,13.979871,101.88866
"697",2020-05-10 00:00:00,12.015589,98.61565
"698",2020-05-10 01:00:00,8.350138,97.431404
"699",2020-05-10 02:00:00,7.5599995,89.99999
"700",2020-05-10 03:00:00,7.5170207,106.69924
"701",2020-05-10 04:00:00,8.049845,116.56505
"702",2020-05-10 05:00:00,5.8603754,132.51044
"703",2020-05-10 06:00:00,6.4096174,141.84277
"704",2020-05-10 07:00:00,7.24486,116.56505
"705",2020-05-10 08:00:00,6.489992,146.30994
"706",2020-05-10 09:00:00,5.00128,149.74356
"707",2020-05-10 10:00:00,1.0182338,135
"708",2020-05-10 11:00:00,1.609969,26.565033
"709",2020-05-10 12:00:00,3.096837,35.53766
"710",2020-05-10 13:00:00,3.7064266,29.05458
"711",2020-05-10 14:00:00,6.9899354,11.888657
"712",2020-05-10 15:00:00,9.605998,12.994629
"713",2020-05-10 16:00:00,12.303366,20.556046
"714",2020-05-10 17:00:00,16.75064,28.217346
"715",2020-05-10 18:00:00,19.272614,32.79953
"716",2020-05-10 19:00:00,19.586119,36.027374
"717",2020-05-10 20:00:00,17.388409,27.09555
"718",2020-05-10 21:00:00,16.375053,33.3407
"719",2020-05-10 22:00:00,14.480773,34.87532
"720",2020-05-10 23:00:00,13.584932,32.005356
"721",2020-05-11 00:00:00,13.363711,27.255325
"722",2020-05-11 01:00:00,13.849477,27.897263
"723",2020-05-11 02:00:00,14.20062,30.465546
"724",2020-05-11 03:00:00,14.336861,28.495636
"725",2020-05-11 04:00:00,14.182355,23.962494
"726",2020-05-11 05:00:00,13.905509,21.250488
"727",2020-05-11 06:00:00,14.986553,24.102219
"728",2020-05-11 07:00:00,16.09969,26.565033
"729",2020-05-11 08:00:00,15.124284,38.23381
"730",2020-05-11 09:00:00,16.08761,40.46222
"731",2020-05-11 10:00:00,17.174677,33.023865
"732",2020-05-11 11:00:00,19.083395,35.78897
"733",2020-05-11 12:00:00,19.296135,36.656097
"734",2020-05-11 13:00:00,20.969807,34.508514
"735",2020-05-11 14:00:00,22.104116,37.05652
"736",2020-05-11 15:00:00,24.569836,39.05313
"737",2020-05-11 16:00:00,24.72495,42.04921
"738",2020-05-11 17:00:00,25.264202,40.955505
"739",2020-05-11 18:00:00,25.476198,42.70938
"740",2020-05-11 19:00:00,24.184391,45.60309
"741",2020-05-11 20:00:00,22.218153,49.600082
"742",2020-05-11 21:00:00,20.08916,53.746155
"743",2020-05-11 22:00:00,18.472595,56.929314
"744",2020-05-11 23:00:00,17.595861,59.237274
"745",2020-05-12 00:00:00,15.459054,62.241455
"746",2020-05-12 01:00:00,13.684735,63.43495
"747",2020-05-12 02:00:00,12.55879,62.70043
"748",2020-05-12 03:00:00,12.413477,60.46122
"749",2020-05-12 04:00:00,11.983188,57.26477
"750",2020-05-12 05:00:00,11.4862,57.80426
"751",2020-05-12 06:00:00,10.990322,58.392494
"752",2020-05-12 07:00:00,10.315115,60.751175
"753",2020-05-12 08:00:00,10.163227,67.067894
"754",2020-05-12 09:00:00,14.458382,71.113914
"755",2020-05-12 10:00:00,14.003029,72.03086
"756",2020-05-12 11:00:00,12.57426,76.75948
"757",2020-05-12 12:00:00,11.304229,80.83765
"758",2020-05-12 13:00:00,10.308831,77.905235
"759",2020-05-12 14:00:00,9.885262,79.50852
"760",2020-05-12 15:00:00,10.163227,67.067894
"761",2020-05-12 16:00:00,11.681987,56.30993
"762",2020-05-12 17:00:00,13.493999,43.919083
"763",2020-05-12 18:00:00,15.349684,39.289413
"764",2020-05-12 19:00:00,17.429354,38.290146
"765",2020-05-12 20:00:00,17.072504,42.436203
"766",2020-05-12 21:00:00,15.349684,50.71057
"767",2020-05-12 22:00:00,13.363711,62.74466
"768",2020-05-12 23:00:00,14.205182,81.25384
